subid,trialinfo,memory,ERS,RewardType
500,item10R1,1,-0.11789714890065,High
500,item10R2,1,-0.0262592742089093,High
500,item11R1,1,-0.123165718406652,High
500,item11R2,1,-0.0392388299614762,High
500,item12R1,0,0.0407576309198076,High
500,item12R2,1,-0.193905329047967,High
500,item13R1,0,0.0486770861721974,High
500,item13R2,1,-0.26939341402463,High
500,item14R1,0,-0.0543601355196421,High
500,item14R2,0,-0.0154838824894694,High
500,item15R1,0,0.101137242040718,High
500,item15R2,1,-0.115086065849439,High
500,item16R1,1,-0.0390056990269572,High
500,item16R2,1,-0.0174854458704466,High
500,item1R1,0,0.107905362266104,High
500,item1R2,1,-0.0663934058787374,High
500,item2R1,1,-0.0401449265611071,High
500,item2R2,0,0.0395560478060958,High
500,item3R1,1,0.0934543671024848,High
500,item3R2,1,0.100647756218182,High
500,item4R1,1,0.0860389460755782,High
500,item4R2,1,0.033121814384423,High
500,item5R1,1,0.126993067795739,High
500,item5R2,1,-0.0458371273546146,High
500,item6R1,1,-0.0369935173404003,High
500,item6R2,1,0.0666882260961621,High
500,item7R1,1,-0.0366531023090658,High
500,item7R2,1,-0.00860295523422853,High
500,item8R1,0,0.252810253751562,High
500,item8R2,1,0.151545981479203,High
500,item9R1,0,-0.0215423373670815,High
500,item9R2,1,0.0884946004370296,High
500,item10R1,1,-0.0634352134565239,Low
500,item10R2,1,0.0746456923085565,Low
500,item11R1,0,0.206081563005951,Low
500,item11R2,0,-0.061500418839241,Low
500,item12R1,1,-0.138980207155423,Low
500,item12R2,1,0.0450966306513767,Low
500,item13R1,1,-0.022663342791732,Low
500,item13R2,1,0.0145031055061756,Low
500,item14R1,1,-0.18987640558833,Low
500,item14R2,0,0.0288954780305822,Low
500,item15R1,0,0.0414300898173377,Low
500,item15R2,0,0.0507624591686815,Low
500,item16R1,0,0.0257278278566384,Low
500,item16R2,1,-0.0394255650020735,Low
500,item1R1,0,-0.170343061203085,Low
500,item1R2,1,-0.103559195190902,Low
500,item2R1,1,-0.0908341429718399,Low
500,item2R2,0,0.0304774186793548,Low
500,item3R1,1,-0.0927290955266727,Low
500,item3R2,1,0.0402337239719457,Low
500,item4R1,1,0.0128574874842744,Low
500,item4R2,1,-0.169493605140487,Low
500,item5R1,1,-0.0779959781016884,Low
500,item5R2,1,-0.01701732679208,Low
500,item6R1,1,-0.0437616871595342,Low
500,item6R2,0,-0.085975838202924,Low
500,item7R1,1,0.124221641034213,Low
500,item7R2,0,0.0485673058292981,Low
500,item8R1,1,-0.0277140401035474,Low
500,item8R2,1,0.0661232758100949,Low
500,item9R1,1,0.137563866895402,Low
500,item9R2,0,-0.0539717393791219,Low
501,item10R1,1,0.0585810968546841,High
501,item10R2,0,-0.207045689083381,High
501,item11R1,0,0.285420768415843,High
501,item11R2,1,0.0827813085522303,High
501,item12R1,1,0.156788549025405,High
501,item12R2,1,0.0915524063008186,High
501,item13R1,0,0.0252066684769229,High
501,item13R2,0,-0.0409917697399045,High
501,item14R1,0,0.0593698341498651,High
501,item14R2,0,-0.0797701060929561,High
501,item15R1,1,-0.127662805082029,High
501,item15R2,0,0.0719029447968544,High
501,item16R1,0,-0.0483374431799542,High
501,item16R2,0,-0.0494970717890129,High
501,item1R1,0,-0.184815302348553,High
501,item1R2,0,-0.118928155200424,High
501,item2R1,0,0.00595536808339513,High
501,item2R2,0,0.149385835568236,High
501,item3R1,0,-0.176667325395218,High
501,item3R2,0,0.142879662393453,High
501,item4R1,0,0.0754584083465721,High
501,item4R2,0,0.024788222549813,High
501,item5R1,0,0.0790545889091704,High
501,item5R2,0,0.0685502553077775,High
501,item6R1,1,0.07722319011698,High
501,item6R2,1,-0.19107724447322,High
501,item7R1,0,0.0423063240073255,High
501,item7R2,0,0.132531249068365,High
501,item8R1,0,0.042472252611355,High
501,item8R2,0,0.109152532803074,High
501,item9R1,1,0.0689591392431638,High
501,item9R2,0,0.0434482254675808,High
501,item10R1,0,0.0913697828580083,Low
501,item10R2,0,-0.0890354511449528,Low
501,item11R1,0,-0.081186435029126,Low
501,item11R2,0,0.23717340317307,Low
501,item12R1,0,0.0599530018575271,Low
501,item12R2,0,0.146899400550264,Low
501,item13R1,0,0.157212351042127,Low
501,item13R2,0,0.140114224078817,Low
501,item14R1,0,0.0257985810436114,Low
501,item14R2,0,0.0203144235669068,Low
501,item15R1,0,0.0201273485311449,Low
501,item15R2,0,-0.032173928116558,Low
501,item16R1,1,0.382983837098274,Low
501,item16R2,0,-0.154814863300064,Low
501,item1R1,0,0.0761267598874788,Low
501,item1R2,0,-0.0677595161981208,Low
501,item2R1,0,0.155667336356593,Low
501,item2R2,0,0.0713974723855164,Low
501,item3R1,0,0.172538883701775,Low
501,item3R2,0,-0.272826407530591,Low
501,item4R1,0,0.219385488217608,Low
501,item4R2,1,-0.143968122062765,Low
501,item5R1,0,0.00958500674212257,Low
501,item5R2,0,-0.205595675269781,Low
501,item6R1,0,0.290979641121039,Low
501,item6R2,0,0.0807797777765976,Low
501,item7R1,0,0.0495516042158865,Low
501,item7R2,0,0.201963880592056,Low
501,item8R1,0,-0.0625453335671542,Low
501,item8R2,0,-0.12177931518608,Low
501,item9R1,0,-0.0305235122719416,Low
501,item9R2,0,0.247390064160053,Low
502,item10R1,0,-0.144085388397873,High
502,item10R2,0,-0.0823503090012823,High
502,item11R1,0,-0.0124208541247099,High
502,item11R2,1,0.0352656676177518,High
502,item12R1,0,0.00707763088039891,High
502,item12R2,0,0.139210304704087,High
502,item13R1,0,-0.0199326627434402,High
502,item13R2,0,-0.173355441852901,High
502,item14R1,0,0.0500296197201347,High
502,item14R2,0,0.0596965677179532,High
502,item15R1,0,0.000795698255831031,High
502,item15R2,0,-0.12713836924832,High
502,item16R1,1,0.0143704340171466,High
502,item16R2,1,0.0463246705283979,High
502,item1R1,0,-0.0100480466661955,High
502,item1R2,1,0.0343717477679694,High
502,item2R1,0,-0.172252517451227,High
502,item2R2,0,0.07480532331531,High
502,item3R1,0,-0.116751437515003,High
502,item3R2,0,0.0594839889446012,High
502,item4R1,0,-0.13084222330066,High
502,item4R2,0,0.0255028721474865,High
502,item5R1,0,0.0764845677352624,High
502,item5R2,0,0.0953956161095245,High
502,item6R1,0,-0.156256015503809,High
502,item6R2,0,-0.0506931384259569,High
502,item7R1,0,-0.0378428337900318,High
502,item7R2,0,0.215309077145375,High
502,item8R1,0,-0.0651081734244292,High
502,item8R2,0,-0.0793711305683417,High
502,item9R1,0,0.225299599158412,High
502,item9R2,0,0.0636843582748079,High
502,item10R1,0,0.153257580628866,Low
502,item10R2,0,0.173606312312649,Low
502,item11R1,0,-0.00498894183752545,Low
502,item11R2,1,0.144059733565763,Low
502,item12R1,0,-0.120055365913393,Low
502,item12R2,1,0.129764067272076,Low
502,item13R1,0,-0.0770763143041979,Low
502,item13R2,0,-0.0566482241281954,Low
502,item14R1,0,0.103548676397106,Low
502,item14R2,0,-0.0723836680510525,Low
502,item15R1,0,-0.127693169469231,Low
502,item15R2,1,-0.0149954396959934,Low
502,item16R1,0,-0.0481005782187441,Low
502,item16R2,1,0.0778788685947927,Low
502,item1R1,0,-0.037946267374551,Low
502,item1R2,0,-0.0353845802913494,Low
502,item2R1,0,0.069192932374589,Low
502,item2R2,1,0.0042345525805658,Low
502,item3R1,0,-0.227547155837264,Low
502,item3R2,1,0.0264694597138009,Low
502,item4R1,0,0.092138386783218,Low
502,item4R2,0,0.0501854999734748,Low
502,item5R1,0,-0.113812485132763,Low
502,item5R2,0,0.0582813973465909,Low
502,item6R1,0,0.100239434655672,Low
502,item6R2,0,0.0961144169225556,Low
502,item7R1,0,-0.207554375211873,Low
502,item7R2,1,0.30501316481414,Low
502,item8R1,0,0.124017807463332,Low
502,item8R2,0,-0.107472527448642,Low
502,item9R1,0,-0.115397804104723,Low
502,item9R2,1,-0.0483598604552211,Low
503,item10R1,1,0.143901354157171,High
503,item10R2,1,0.0196793618568972,High
503,item11R1,1,0.189983894941765,High
503,item11R2,1,-0.00409551000490103,High
503,item12R1,1,-0.111761434407404,High
503,item12R2,1,-0.0879742093077213,High
503,item13R1,1,-0.129453727623139,High
503,item13R2,1,0.307645386399357,High
503,item14R1,1,0.0658651312161647,High
503,item14R2,1,-0.0662732625489116,High
503,item15R1,0,0.0862652436406667,High
503,item15R2,1,-0.0789063803269283,High
503,item16R1,0,-0.032190059804371,High
503,item16R2,1,-0.0467073979990872,High
503,item1R1,0,0.0750574960725955,High
503,item1R2,1,-0.102996451161197,High
503,item2R1,0,0.0648285445160142,High
503,item2R2,0,-0.135765646880604,High
503,item3R1,1,0.18929020282627,High
503,item3R2,1,0.0679389884671681,High
503,item4R1,0,0.146066454996941,High
503,item4R2,1,-0.0645578628307016,High
503,item5R1,0,-0.00715276075886797,High
503,item5R2,1,0.100796119359719,High
503,item6R1,0,-0.0892488630517523,High
503,item6R2,1,0.024678609558619,High
503,item7R1,0,-0.00567205198742333,High
503,item7R2,1,-0.259016053460643,High
503,item8R1,1,-0.14443701077898,High
503,item8R2,0,0.0931016356813374,High
503,item9R1,1,-0.0513983497655974,High
503,item9R2,1,0.0890618486075055,High
503,item10R1,0,-0.16599523026634,Low
503,item10R2,1,-0.108062153044338,Low
503,item11R1,1,-0.107440824949969,Low
503,item11R2,0,-0.180504662559444,Low
503,item12R1,0,0.01108842331467,Low
503,item12R2,1,0.0238130699870919,Low
503,item13R1,1,-0.0496542250922281,Low
503,item13R2,1,0.0968710192848125,Low
503,item14R1,1,-0.0346185632729501,Low
503,item14R2,0,0.0469633590375495,Low
503,item15R1,0,0.00631951624303865,Low
503,item15R2,1,0.15769269010478,Low
503,item16R1,1,-0.112012223101106,Low
503,item16R2,1,-0.0442987005405216,Low
503,item1R1,1,-0.0499815801409048,Low
503,item1R2,0,-0.105113055527264,Low
503,item2R1,1,0.237165046300807,Low
503,item2R2,1,-0.11525422229851,Low
503,item3R1,1,0.128343151003267,Low
503,item3R2,1,0.0268151671460288,Low
503,item4R1,1,0.0120741699749286,Low
503,item4R2,1,0.0247756713997528,Low
503,item5R1,1,-0.162018404599333,Low
503,item5R2,0,-0.166851566628058,Low
503,item6R1,1,0.0116507267034119,Low
503,item6R2,1,-0.0818434065500706,Low
503,item7R1,0,-0.0851791925385196,Low
503,item7R2,1,-0.0865124600339574,Low
503,item8R1,1,-0.0475629552737479,Low
503,item8R2,1,0.179701234866533,Low
503,item9R1,1,-0.0246984646026373,Low
503,item9R2,1,0.0623747188884717,Low
504,item10R1,1,0.0386120679310441,High
504,item10R2,1,0.00959670155229295,High
504,item11R1,0,-0.232670812888391,High
504,item11R2,1,0.190183855908982,High
504,item12R1,0,-0.0131328849065903,High
504,item12R2,1,-0.0136716285990432,High
504,item13R1,0,-0.0816747939874423,High
504,item13R2,0,0.101140139189412,High
504,item14R1,0,-0.00294884132799495,High
504,item14R2,1,0.346274403005178,High
504,item15R1,0,-0.024841595379771,High
504,item15R2,0,0.302474415315178,High
504,item16R1,0,-0.0701538569607015,High
504,item16R2,0,0.195218573581884,High
504,item1R1,1,-0.0867033294861896,High
504,item1R2,0,-0.0275925340877082,High
504,item2R1,1,-0.0773772195407003,High
504,item2R2,1,0.0419529632306066,High
504,item3R1,1,0.0254801543449471,High
504,item3R2,0,0.113908364137946,High
504,item4R1,0,-0.07939718776186,High
504,item4R2,1,0.0948780475050255,High
504,item5R1,1,0.0395873487593975,High
504,item5R2,1,-0.107502786079001,High
504,item6R1,0,0.204859259058164,High
504,item6R2,1,0.00731430222831051,High
504,item7R1,0,-0.103203215842787,High
504,item7R2,0,0.0463363064167862,High
504,item8R1,1,0.0204473036483776,High
504,item8R2,1,0.0813841664375013,High
504,item9R1,0,0.0373740890820929,High
504,item9R2,0,-0.125541364483339,High
504,item10R1,0,0.113469950991022,Low
504,item10R2,1,0.0703428383012116,Low
504,item11R1,0,0.106826092321094,Low
504,item11R2,1,0.287336385759238,Low
504,item12R1,0,-0.148158823397979,Low
504,item12R2,0,-0.0142563415791413,Low
504,item13R1,0,-0.0778812301823758,Low
504,item13R2,0,0.0124845502948023,Low
504,item14R1,0,-0.066654547184578,Low
504,item14R2,1,0.147414659081673,Low
504,item15R1,0,0.0605949777577012,Low
504,item15R2,1,-0.0633648336437694,Low
504,item16R1,0,0.0584061139552928,Low
504,item16R2,1,-0.263943375838782,Low
504,item1R1,0,-0.100631726001833,Low
504,item1R2,1,-0.0879721658487315,Low
504,item2R1,0,-0.126901193518489,Low
504,item2R2,0,-0.0453126692564282,Low
504,item3R1,0,0.0461119959652954,Low
504,item3R2,1,-0.0146326843290014,Low
504,item4R1,0,0.133606092590701,Low
504,item4R2,0,0.0924033241950224,Low
504,item5R1,0,0.0763105928774617,Low
504,item5R2,0,-0.138603286302142,Low
504,item6R1,0,0.0717959121698573,Low
504,item6R2,1,0.273548375299039,Low
504,item7R1,0,-0.00372280076019372,Low
504,item7R2,1,0.409662139692858,Low
504,item8R1,0,0.0311331523203784,Low
504,item8R2,1,-0.0535786246278404,Low
504,item9R1,0,0.0495797066079872,Low
504,item9R2,1,0.276609515136649,Low
508,item10R1,1,-0.00687272476803192,High
508,item10R2,1,-0.102562435936666,High
508,item11R1,1,0.197122448779192,High
508,item11R2,0,-0.0434047252336829,High
508,item12R1,1,0.0776069661828319,High
508,item12R2,1,-0.0435418290563012,High
508,item13R1,1,0.0325906569266509,High
508,item13R2,1,-0.0711819938340534,High
508,item14R1,1,-0.10505272492076,High
508,item14R2,1,-0.0618463559967377,High
508,item15R1,1,-0.0245590879231034,High
508,item15R2,1,-0.0696230646643417,High
508,item16R1,1,-0.129477087341751,High
508,item16R2,1,-0.0361059604118771,High
508,item1R1,1,0.112722699995704,High
508,item1R2,1,0.123563726623227,High
508,item2R1,1,0.101970781969686,High
508,item2R2,1,-0.0485232430827989,High
508,item3R1,1,-0.0744583028434378,High
508,item3R2,0,-0.129947649738302,High
508,item4R1,1,0.0643467329808453,High
508,item4R2,0,-0.0598922065058493,High
508,item5R1,0,-0.326978848548622,High
508,item5R2,1,-0.0159757923188165,High
508,item6R1,0,-0.0706266509141983,High
508,item6R2,1,-0.0562313964279666,High
508,item7R1,1,0.0434807528857191,High
508,item7R2,1,-0.127733335518923,High
508,item8R1,0,0.0218060978513249,High
508,item8R2,1,-0.00162278195258504,High
508,item9R1,0,0.0563651256361426,High
508,item9R2,1,0.116710757216549,High
508,item10R1,0,-0.124428136146565,Low
508,item10R2,1,0.0625649334644734,Low
508,item11R1,0,-0.248921015213645,Low
508,item11R2,1,-0.079554079422195,Low
508,item12R1,1,0.107168404138489,Low
508,item12R2,1,-0.0196856473243985,Low
508,item13R1,1,-0.00827234460085511,Low
508,item13R2,0,0.0599816532900036,Low
508,item14R1,0,0.220641062483417,Low
508,item14R2,1,-0.0539352698231014,Low
508,item15R1,1,-0.079481640397374,Low
508,item15R2,1,-0.185802993838847,Low
508,item16R1,1,-0.0375867944749062,Low
508,item16R2,1,-0.0933234894048718,Low
508,item1R1,0,0.02561735411465,Low
508,item1R2,0,-0.224860044586999,Low
508,item2R1,0,0.155875701149058,Low
508,item2R2,1,-0.246721620981361,Low
508,item3R1,1,-0.142101313424236,Low
508,item3R2,1,-0.11089037544016,Low
508,item4R1,0,0.0760200800384001,Low
508,item4R2,0,0.0894177462782239,Low
508,item5R1,1,-0.265929053245978,Low
508,item5R2,0,0.136619758941582,Low
508,item6R1,1,-0.0625479776999118,Low
508,item6R2,1,0.03979720373539,Low
508,item7R1,1,0.0468528049260004,Low
508,item7R2,0,-0.0769389390642937,Low
508,item8R1,0,-0.19651026538469,Low
508,item8R2,1,-0.00629509158141333,Low
508,item9R1,1,-0.187252178956932,Low
508,item9R2,1,-0.0616159323253016,Low
509,item10R1,0,0.149097997833105,High
509,item10R2,0,0.0219032302786657,High
509,item11R1,0,-0.195138593297684,High
509,item11R2,0,0.133446003506265,High
509,item12R1,0,0.0429226785530793,High
509,item12R2,0,-0.161058634388323,High
509,item13R1,0,-0.123974056726167,High
509,item13R2,0,-0.0866767160904921,High
509,item14R1,0,0.0316750500710702,High
509,item14R2,0,0.0308834858534842,High
509,item15R1,0,0.0375495933231013,High
509,item15R2,1,0.25300750059336,High
509,item16R1,0,0.0757859999372795,High
509,item16R2,0,-0.0642830453342437,High
509,item1R1,0,0.113876085535732,High
509,item1R2,0,-0.0837422857654575,High
509,item2R1,0,-0.168069687780948,High
509,item2R2,0,0.0136022852663213,High
509,item3R1,0,0.0955390671003075,High
509,item3R2,0,-0.0282703888603637,High
509,item4R1,0,0.00127065300117974,High
509,item4R2,0,0.0389995098817341,High
509,item5R1,0,-0.115069107195674,High
509,item5R2,0,0.0818660483850183,High
509,item6R1,0,0.0691178073593107,High
509,item6R2,0,0.0224129644510995,High
509,item7R1,0,0.0105173599396696,High
509,item7R2,0,-0.113952682043546,High
509,item8R1,0,-0.0954910062259467,High
509,item8R2,1,-0.0221741949950409,High
509,item9R1,0,0.000233710761539669,High
509,item9R2,1,-0.119755391907465,High
509,item10R1,0,0.0359020072883683,Low
509,item10R2,0,0.00751117173047457,Low
509,item11R1,0,-0.242574333244734,Low
509,item11R2,1,-0.207030857919889,Low
509,item12R1,0,0.188179873951358,Low
509,item12R2,1,-0.0483550437679572,Low
509,item13R1,0,0.0740365551777876,Low
509,item13R2,0,0.0430112084451532,Low
509,item14R1,0,0.00581958733114034,Low
509,item14R2,1,-0.0572252817862385,Low
509,item15R1,0,0.105466294060077,Low
509,item15R2,1,0.143401597466035,Low
509,item16R1,0,-0.0604074408909385,Low
509,item16R2,0,0.0827767249934911,Low
509,item1R1,0,-0.0617166265430795,Low
509,item1R2,0,0.0419342793221623,Low
509,item2R1,0,-0.136928492496065,Low
509,item2R2,0,-0.00231492643902133,Low
509,item3R1,0,0.0558114651558492,Low
509,item3R2,0,-0.0332109674570748,Low
509,item4R1,0,0.0794190393467194,Low
509,item4R2,0,0.23152265833805,Low
509,item5R1,0,-0.153262147579672,Low
509,item5R2,1,0.0195999058849588,Low
509,item6R1,0,0.0534045546150974,Low
509,item6R2,0,0.0650366000308426,Low
509,item7R1,0,-0.0043683400481855,Low
509,item7R2,1,-0.180070309661707,Low
509,item8R1,1,-0.036459378259002,Low
509,item8R2,0,0.0657350787996536,Low
509,item9R1,1,0.266818791918978,Low
509,item9R2,0,0.0359047609665778,Low
511,item10R1,1,-0.120597499068204,High
511,item10R2,1,-0.0109617372625377,High
511,item11R1,1,0.138072753805503,High
511,item11R2,1,-0.0437128429602086,High
511,item12R1,1,-0.00725787337424582,High
511,item12R2,1,0.00858805682339775,High
511,item13R1,1,-0.139726604847803,High
511,item13R2,1,-0.0433734234064392,High
511,item14R1,1,0.0510017353276899,High
511,item14R2,0,-0.0368924902646122,High
511,item15R1,1,0.0256565588804142,High
511,item15R2,1,-0.036502184974956,High
511,item16R1,1,0.164513859771782,High
511,item16R2,1,-0.0213339973151411,High
511,item1R1,0,0.0756467440554743,High
511,item1R2,1,-0.0267189756563663,High
511,item2R1,1,0.0297004487034644,High
511,item2R2,1,0.0829946465412247,High
511,item3R1,1,-0.244932695095878,High
511,item3R2,0,0.0314518519253416,High
511,item4R1,1,0.101869086729459,High
511,item4R2,1,-0.0471686362188422,High
511,item5R1,1,-0.0354537294639253,High
511,item5R2,1,-0.125228509275891,High
511,item6R1,1,-0.228930393841902,High
511,item6R2,0,-0.0426425978798531,High
511,item7R1,1,-0.0367836914138775,High
511,item7R2,1,0.127761574192605,High
511,item8R1,1,0.0606221705208747,High
511,item8R2,0,-0.0380754994811262,High
511,item9R1,0,0.131993825979949,High
511,item9R2,1,-0.0973335188864878,High
511,item10R1,1,-0.0369967024613453,Low
511,item10R2,1,-0.104886095055529,Low
511,item11R1,1,-0.0771627720916111,Low
511,item11R2,1,-0.0689046227817055,Low
511,item12R1,1,0.0498106239841653,Low
511,item12R2,0,0.0459477978682383,Low
511,item13R1,1,0.0543781167541064,Low
511,item13R2,1,-0.0607237770522727,Low
511,item14R1,1,-0.0330559740025617,Low
511,item14R2,1,-0.0684672934219533,Low
511,item15R1,1,-0.114516261717739,Low
511,item15R2,1,0.0127388761862188,Low
511,item16R1,1,-0.130839148530336,Low
511,item16R2,1,0.0667054599913513,Low
511,item1R1,1,-0.13936725506462,Low
511,item1R2,1,-0.0724508715709306,Low
511,item2R1,1,0.19811853267001,Low
511,item2R2,1,-0.0500132843777935,Low
511,item3R1,1,0.0499515863550602,Low
511,item3R2,1,0.0226922607916018,Low
511,item4R1,1,-0.0861362713957709,Low
511,item4R2,1,-0.289520241953798,Low
511,item5R1,1,0.0915147093350324,Low
511,item5R2,1,0.121952398986736,Low
511,item6R1,1,-0.0704317513159005,Low
511,item6R2,1,-0.0102547037114492,Low
511,item7R1,1,0.00911169926692447,Low
511,item7R2,0,-0.103529735201405,Low
511,item8R1,1,-0.0718184777099186,Low
511,item8R2,0,-0.270833052035337,Low
511,item9R1,1,0.0524719104233275,Low
511,item9R2,1,0.0481701738008531,Low
513,item10R1,0,0.192080852829899,High
513,item11R1,1,-0.126168515349266,High
513,item12R1,1,-0.125557096361121,High
513,item13R1,1,0.118327271776671,High
513,item14R1,0,-0.128053436274451,High
513,item15R1,0,-0.154527317326728,High
513,item16R1,0,0.0504336177325929,High
513,item1R1,1,0.015177089175756,High
513,item2R1,1,-0.0301702806536833,High
513,item3R1,1,0.196472532506868,High
513,item4R1,0,0.00312597663136307,High
513,item5R1,0,0.0268420380433414,High
513,item6R1,1,0.155581024713575,High
513,item7R1,1,0.118496312601754,High
513,item8R1,1,0.106585136780492,High
513,item9R1,1,-0.0764461285024866,High
513,item10R1,0,0.0360310429632563,Low
513,item11R1,1,0.122837431388771,Low
513,item12R1,1,0.0419722528497006,Low
513,item13R1,1,0.16974042650622,Low
513,item14R1,1,-0.102513525729646,Low
513,item15R1,1,0.0155017312038916,Low
513,item16R1,0,-0.185337507620579,Low
513,item1R1,0,-0.136844267370572,Low
513,item2R1,0,0.309415886899374,Low
513,item3R1,1,-0.0800686545926183,Low
513,item4R1,1,0.0987144452104892,Low
513,item5R1,1,0.183769443549097,Low
513,item6R1,1,0.133315106717581,Low
513,item7R1,1,0.130611590570317,Low
513,item8R1,0,0.105694451625835,Low
513,item9R1,0,-0.0395965166488593,Low
515,item10R1,1,0.235124435219617,High
515,item10R2,1,0.0710316180679982,High
515,item11R1,0,-0.0187296195485733,High
515,item11R2,0,0.140350728341127,High
515,item12R1,0,-0.0915230183533051,High
515,item12R2,0,0.0971927778833944,High
515,item13R1,0,-0.0267163862841455,High
515,item13R2,1,-0.00394678789661621,High
515,item14R1,0,0.144328110132136,High
515,item14R2,0,-0.168642562359268,High
515,item15R1,1,0.00444380743238704,High
515,item15R2,1,0.0705477691978373,High
515,item16R1,1,0.128912067010314,High
515,item16R2,0,-0.158467698874189,High
515,item1R1,0,0.1028403265998,High
515,item1R2,0,-0.0262917499720953,High
515,item2R1,0,0.0870310036866648,High
515,item2R2,1,0.138663834934838,High
515,item3R1,1,-0.164840060805394,High
515,item3R2,1,-0.028497605840788,High
515,item4R1,0,-0.0808260903786123,High
515,item4R2,0,-0.138418978548066,High
515,item5R1,1,-0.0858455359238887,High
515,item5R2,1,-0.166189405503604,High
515,item6R1,0,0.0350257254620531,High
515,item6R2,1,0.0174228603072025,High
515,item7R1,0,0.0806940004362802,High
515,item7R2,0,-0.121389386819887,High
515,item8R1,0,0.156044922769169,High
515,item8R2,1,-0.0558877839894566,High
515,item9R1,0,-0.0909899335794062,High
515,item9R2,1,-0.00943867195637573,High
515,item10R1,1,0.147892067404235,Low
515,item10R2,1,-0.121139361601387,Low
515,item11R1,0,-0.0815022732622023,Low
515,item11R2,0,-0.0143507844649502,Low
515,item12R1,0,-0.0241148176362131,Low
515,item12R2,0,-0.032493375558832,Low
515,item13R1,0,-0.0540364555768761,Low
515,item13R2,0,0.00614911156215152,Low
515,item14R1,0,0.116294858812594,Low
515,item14R2,0,-0.0183055773831254,Low
515,item15R1,0,-0.159319617839877,Low
515,item15R2,0,-0.0335946118004952,Low
515,item16R1,0,-0.310839616150594,Low
515,item16R2,1,-0.0806589096331104,Low
515,item1R1,1,-0.199136402677631,Low
515,item1R2,0,-0.0135988906625055,Low
515,item2R1,0,0.217142319436954,Low
515,item2R2,0,-0.0380329901686031,Low
515,item3R1,1,-0.0365202746094659,Low
515,item3R2,0,-0.0867019478959548,Low
515,item4R1,0,-0.00549534978281459,Low
515,item4R2,1,0.0224025350792403,Low
515,item5R1,0,-0.192822970778681,Low
515,item5R2,0,-0.0526870724469367,Low
515,item6R1,0,0.0478570360186442,Low
515,item6R2,0,-0.02103094148911,Low
515,item7R1,0,-0.053102278059739,Low
515,item7R2,0,0.348610687124752,Low
515,item8R1,0,0.147853479443349,Low
515,item8R2,0,-0.000679980380780046,Low
515,item9R1,0,0.269156820774211,Low
515,item9R2,1,-0.079625323758617,Low
517,item10R1,1,0.0962348805391526,High
517,item10R2,1,0.0803780644117004,High
517,item11R1,1,0.0220644943562703,High
517,item11R2,0,-0.136852779903412,High
517,item12R1,1,-0.0861618954171754,High
517,item12R2,1,0.150162323034654,High
517,item13R1,0,-0.0340434856536661,High
517,item13R2,1,-0.0909065903184123,High
517,item14R1,0,-0.10054203137318,High
517,item14R2,1,0.0208005523319656,High
517,item15R1,0,0.0729202260122533,High
517,item15R2,1,-0.000357746647611668,High
517,item16R1,1,0.134754060709365,High
517,item16R2,0,0.0583714505711616,High
517,item1R1,0,-0.0244906415707331,High
517,item1R2,0,-0.0153680221640109,High
517,item2R1,0,0.0112286543821378,High
517,item2R2,0,0.152554016681439,High
517,item3R1,0,0.10863671465066,High
517,item3R2,1,-0.0661129994963462,High
517,item4R1,0,-0.214464214382389,High
517,item4R2,0,0.126409572603446,High
517,item5R1,1,-0.0774459885662702,High
517,item5R2,1,0.0431847210313641,High
517,item6R1,1,-0.292138136142358,High
517,item6R2,0,0.0714417289045405,High
517,item7R1,0,-0.12301937290744,High
517,item7R2,1,-0.158817918847222,High
517,item8R1,1,-0.0280048366830859,High
517,item8R2,0,-0.0264252590892173,High
517,item9R1,1,-0.0674900934693819,High
517,item9R2,1,-0.213848430860416,High
517,item10R1,1,-0.268251590506531,Low
517,item10R2,1,-0.0302568790761717,Low
517,item11R1,0,0.0745865483878617,Low
517,item11R2,1,-0.0443066456498462,Low
517,item12R1,0,0.155541720712523,Low
517,item12R2,1,-0.180288801773105,Low
517,item13R1,0,0.167826163946868,Low
517,item13R2,1,0.0431698895487165,Low
517,item14R1,1,0.0347789125273322,Low
517,item14R2,1,0.165896922921502,Low
517,item15R1,1,0.0330911613811659,Low
517,item15R2,1,0.015499729132192,Low
517,item16R1,0,0.0564898152305965,Low
517,item16R2,1,0.186995311887098,Low
517,item1R1,0,0.175014748434253,Low
517,item1R2,1,-0.0117366412555583,Low
517,item2R1,0,0.0484420123876445,Low
517,item2R2,1,0.0147655357557949,Low
517,item3R1,0,-0.0718031052095256,Low
517,item3R2,1,0.0633716407760369,Low
517,item4R1,0,-0.0842483322589409,Low
517,item4R2,0,0.0776294189288904,Low
517,item5R1,1,-0.153173784123459,Low
517,item5R2,1,0.0875203917663921,Low
517,item6R1,1,-0.0523394379493321,Low
517,item6R2,1,0.0886362756695034,Low
517,item7R1,1,-0.0120263978946065,Low
517,item7R2,1,0.138347786003944,Low
517,item8R1,0,-0.0431320633350463,Low
517,item8R2,1,-0.0252634976593795,Low
517,item9R1,1,-0.0262302189794635,Low
517,item9R2,1,-0.109774799168314,Low
518,item10R1,0,-0.0330582594789668,High
518,item10R2,1,-0.118743016998144,High
518,item11R1,1,-0.152325856077383,High
518,item11R2,0,0.112746682270767,High
518,item12R1,1,0.282000937968123,High
518,item12R2,1,0.0775802973412691,High
518,item13R1,0,-0.132000155355483,High
518,item13R2,1,-0.0162093182309956,High
518,item14R1,0,-0.127944644002775,High
518,item14R2,1,0.214211577127085,High
518,item15R1,0,-0.1098281424497,High
518,item15R2,0,0.0665778853778427,High
518,item16R1,1,-0.0170109302362174,High
518,item16R2,0,0.00696658570901402,High
518,item1R1,0,0.203020422980208,High
518,item1R2,0,0.130965160462508,High
518,item2R1,1,-0.160463928465075,High
518,item2R2,0,-0.167871138707302,High
518,item3R1,0,-0.0937398383718856,High
518,item3R2,0,0.144260642058774,High
518,item4R1,1,-0.0333083470610032,High
518,item4R2,0,-0.0741740812164119,High
518,item5R1,0,-0.00545732483087335,High
518,item5R2,1,-0.00575913871482605,High
518,item6R1,1,0.19941546021095,High
518,item6R2,0,-0.174860254440513,High
518,item7R1,1,-0.0936324966666384,High
518,item7R2,1,0.0428326439835496,High
518,item8R1,1,-0.131497025957291,High
518,item8R2,0,0.0896054902029738,High
518,item9R1,0,0.140874511377756,High
518,item9R2,1,-0.0593190152772939,High
518,item10R1,0,-0.235140001277564,Low
518,item10R2,1,0.122634298362701,Low
518,item11R1,1,0.129511143125531,Low
518,item11R2,1,-0.0695167249957386,Low
518,item12R1,0,0.0951390106916959,Low
518,item12R2,0,-0.163146043136013,Low
518,item13R1,1,-0.0753489495844167,Low
518,item13R2,1,-0.118738316539042,Low
518,item14R1,1,-0.114279135866936,Low
518,item14R2,0,-0.00197906475479411,Low
518,item15R1,1,0.0300933398753053,Low
518,item15R2,1,0.0397462024948682,Low
518,item16R1,1,-0.267772212033733,Low
518,item16R2,1,-0.0557793162524191,Low
518,item1R1,1,0.0347923095486178,Low
518,item1R2,0,0.281466726185145,Low
518,item2R1,0,-0.0632287234215076,Low
518,item2R2,1,-0.0579318406703229,Low
518,item3R1,1,0.041750629959862,Low
518,item3R2,0,0.045571663477536,Low
518,item4R1,1,0.0988731361683335,Low
518,item4R2,0,0.122855022111902,Low
518,item5R1,0,-0.124606928675749,Low
518,item5R2,0,0.264614958640568,Low
518,item6R1,1,-0.0829641321670117,Low
518,item6R2,0,0.0238107546158466,Low
518,item7R1,0,0.102277240334436,Low
518,item7R2,1,-0.0511728294436688,Low
518,item8R1,1,0.111907296383713,Low
518,item8R2,1,-0.145203614166792,Low
518,item9R1,0,-0.0526587617917907,Low
518,item9R2,1,0.381662541982926,Low
519,item10R1,0,0.0664072070765944,High
519,item10R2,0,0.10834786089529,High
519,item11R1,0,0.0354853484506891,High
519,item11R2,1,0.104545436204202,High
519,item12R1,1,-0.0364812105948447,High
519,item12R2,1,-0.0174902315424689,High
519,item13R1,1,0.0489281719134531,High
519,item13R2,0,-0.139408424441031,High
519,item14R1,1,0.227907850612434,High
519,item14R2,0,0.0221848012656618,High
519,item15R1,0,-0.0935440034181793,High
519,item15R2,0,0.0172975068769834,High
519,item16R1,0,0.0383014459593752,High
519,item16R2,0,-0.110821740146212,High
519,item1R1,0,-0.0841784673500937,High
519,item1R2,1,0.0652703921150323,High
519,item2R1,1,-0.172655891299912,High
519,item2R2,0,0.26626978414717,High
519,item3R1,0,-0.0773102206790158,High
519,item3R2,0,0.0629477672466055,High
519,item4R1,1,0.0296727672966002,High
519,item4R2,1,-0.0295716059843876,High
519,item5R1,0,0.00833089329996381,High
519,item5R2,0,0.102660701911824,High
519,item6R1,1,0.0595470656479131,High
519,item6R2,1,-0.0626805097819796,High
519,item7R1,1,0.0101731095860651,High
519,item7R2,1,-0.014600732252909,High
519,item8R1,1,-0.0801737559863389,High
519,item8R2,0,0.109416304436152,High
519,item9R1,1,0.0462751298460482,High
519,item9R2,1,0.19903598914181,High
519,item10R1,1,0.0898107274933373,Low
519,item10R2,1,0.0842091769678597,Low
519,item11R1,0,-0.191365549883072,Low
519,item11R2,0,-0.123999524858978,Low
519,item12R1,1,-0.0287278853415057,Low
519,item12R2,1,-0.0705240990302849,Low
519,item13R1,0,0.201405562493097,Low
519,item13R2,0,0.172153168018347,Low
519,item14R1,0,0.00117873283351925,Low
519,item14R2,0,0.0474542735194571,Low
519,item15R1,0,-0.174616014187773,Low
519,item15R2,0,-0.0657214884650058,Low
519,item16R1,1,-0.0725110692097891,Low
519,item16R2,0,0.140485375354995,Low
519,item1R1,0,-0.0951021121075117,Low
519,item1R2,1,-0.0595730008357228,Low
519,item2R1,0,-0.00136631716570728,Low
519,item2R2,1,0.0739717016007964,Low
519,item3R1,0,-0.0927812791764065,Low
519,item3R2,1,0.0281122280585455,Low
519,item4R1,0,-0.0937195617126599,Low
519,item4R2,1,-0.0286668293454006,Low
519,item5R1,0,0.0343013902872875,Low
519,item5R2,0,0.00188134570360292,Low
519,item6R1,0,-0.00490179521117164,Low
519,item6R2,0,-0.250573476001632,Low
519,item7R1,0,-0.0129509767896885,Low
519,item7R2,1,0.0210094221709809,Low
519,item8R1,1,-0.00748803134437568,Low
519,item8R2,0,-0.0767956520890068,Low
519,item9R1,0,0.0667779402589839,Low
519,item9R2,1,0.0442433742119325,Low
521,item10R1,0,0.0423979608596763,High
521,item10R2,1,0.201134381425045,High
521,item11R1,1,-0.0191921170537491,High
521,item11R2,0,0.199716473240945,High
521,item12R1,0,0.0595421368016977,High
521,item12R2,1,-0.0443745245176384,High
521,item13R1,0,0.0184081757109769,High
521,item13R2,0,-0.0988674701395303,High
521,item14R1,0,-0.0867842341422014,High
521,item14R2,0,-0.0878962700887671,High
521,item15R1,0,0.1262106539512,High
521,item15R2,1,0.0378797302625615,High
521,item16R1,0,-0.0187620798342808,High
521,item16R2,0,-0.0555677953870112,High
521,item1R1,1,0.116338533459929,High
521,item1R2,0,0.107991126638399,High
521,item2R1,1,0.149585909419393,High
521,item2R2,1,0.021203253220199,High
521,item3R1,1,-0.068306413276597,High
521,item3R2,1,-0.0373138020580518,High
521,item4R1,0,-0.133963342246064,High
521,item4R2,1,0.106755787161217,High
521,item5R1,1,0.0811957355256669,High
521,item5R2,0,-0.0885000817996452,High
521,item6R1,1,-0.0720414597232111,High
521,item6R2,1,0.125204375168776,High
521,item7R1,1,0.122472396529276,High
521,item7R2,1,-0.199473962116787,High
521,item8R1,1,0.0553827103308549,High
521,item8R2,0,-0.0541078619769928,High
521,item9R1,0,0.0626015671038677,High
521,item9R2,1,-0.0822885859734229,High
521,item10R1,1,0.0202491646499295,Low
521,item10R2,0,0.0436426703690363,Low
521,item11R1,0,0.00747791843233001,Low
521,item11R2,0,-0.140522336619822,Low
521,item12R1,0,0.0623725300631863,Low
521,item12R2,0,-0.0884514723661993,Low
521,item13R1,1,0.00228913480786781,Low
521,item13R2,1,-0.019803677935398,Low
521,item14R1,0,0.0676894786031577,Low
521,item14R2,0,-0.041152681791624,Low
521,item15R1,1,-0.0188951157806742,Low
521,item15R2,0,-0.0303306268833823,Low
521,item16R1,0,0.17050207388379,Low
521,item16R2,1,0.119605511020779,Low
521,item1R1,0,0.0422222724338917,Low
521,item1R2,0,-0.00649186417484193,Low
521,item2R1,0,0.0786603060862024,Low
521,item2R2,0,-0.0668615231175484,Low
521,item3R1,0,-0.134427929802071,Low
521,item3R2,0,0.0429630318535306,Low
521,item4R1,0,-0.0144117230673419,Low
521,item4R2,1,-0.0159584400754926,Low
521,item5R1,0,-0.0879948324177597,Low
521,item5R2,0,0.0990619532662163,Low
521,item6R1,1,0.0492249526435381,Low
521,item6R2,0,0.0356374540838687,Low
521,item7R1,0,0.0290731257079055,Low
521,item7R2,1,0.175758290608324,Low
521,item8R1,0,-0.0934603543201016,Low
521,item8R2,1,-0.0616197377167135,Low
521,item9R1,0,0.0222956793113233,Low
521,item9R2,1,0.0532864119797855,Low
523,item10R2,1,-0.020967945637649,High
523,item11R2,0,-0.273972166375411,High
523,item12R2,0,0.0727892966930576,High
523,item13R2,0,0.0614262733780392,High
523,item14R2,0,0.0170245291657827,High
523,item15R2,0,-0.0194340801803036,High
523,item16R2,0,0.172008877071119,High
523,item1R2,0,-0.112991963636845,High
523,item2R2,0,-0.00861723562511293,High
523,item3R2,0,-0.0269041923123541,High
523,item4R2,0,-0.0296178436707908,High
523,item5R2,1,0.0707549930939828,High
523,item6R2,0,-0.0941874596293611,High
523,item7R2,1,0.012932913886572,High
523,item8R2,0,-0.055356132866778,High
523,item9R2,0,-0.00199780432333801,High
523,item10R2,0,0.138583271837041,Low
523,item11R2,0,0.0805392975566635,Low
523,item12R2,0,0.126877240375231,Low
523,item13R2,0,0.155594315206081,Low
523,item14R2,1,0.339020333713824,Low
523,item15R2,0,-0.0834086173568473,Low
523,item16R2,0,-0.0730666705121694,Low
523,item1R2,0,0.116232883735617,Low
523,item2R2,1,0.263448813441967,Low
523,item3R2,0,-0.00997454180430332,Low
523,item4R2,0,0.250425839292673,Low
523,item5R2,0,0.191582461161472,Low
523,item6R2,1,-0.0515398032681268,Low
523,item7R2,0,0.207282095072129,Low
523,item8R2,0,0.186582260284315,Low
523,item9R2,1,-0.0350830043550198,Low
524,item10R1,0,-0.00997047258355375,High
524,item10R2,1,-0.152051560160728,High
524,item11R1,0,0.0817351085850406,High
524,item11R2,0,-0.146447165861865,High
524,item12R1,0,-0.0149042232176774,High
524,item12R2,1,-0.197251805802251,High
524,item13R1,0,0.0903951759663998,High
524,item13R2,1,0.0185075011130076,High
524,item14R1,1,0.0511690166654619,High
524,item14R2,1,-0.0584724832914559,High
524,item15R1,0,0.012256177093649,High
524,item15R2,1,-0.158533143261226,High
524,item16R1,0,0.00385200639171925,High
524,item16R2,0,0.166860563654963,High
524,item1R1,1,0.013097891470382,High
524,item1R2,0,0.0659999775853887,High
524,item2R1,0,0.0864796160636522,High
524,item2R2,1,-0.0938402261108889,High
524,item3R1,0,0.135710623761533,High
524,item3R2,0,-0.0251619155192881,High
524,item4R1,0,-0.0092489641028551,High
524,item4R2,0,-0.00440444918456661,High
524,item5R1,1,-0.045513526417323,High
524,item5R2,0,-0.197441912640602,High
524,item6R1,0,-0.0441656625194326,High
524,item6R2,0,0.204349942371403,High
524,item7R1,0,-0.0238503534571092,High
524,item7R2,0,-0.0364000745898322,High
524,item8R1,0,-0.07471611845022,High
524,item8R2,1,0.177466586101414,High
524,item9R1,1,-4.98302165010612e-05,High
524,item9R2,1,-0.0844641433311332,High
524,item10R1,1,-0.108209679487433,Low
524,item10R2,1,-0.0390439616747588,Low
524,item11R1,1,0.127315039753737,Low
524,item11R2,0,-0.0234052288791782,Low
524,item12R1,1,-0.00775730970822696,Low
524,item12R2,0,-0.0373517202035479,Low
524,item13R1,1,0.352540528190199,Low
524,item13R2,1,-0.0245309847509653,Low
524,item14R1,1,0.3081687604386,Low
524,item14R2,1,0.0603025860972255,Low
524,item15R1,1,-0.132268747736441,Low
524,item15R2,1,0.0755474927918407,Low
524,item16R1,1,0.173195653464241,Low
524,item16R2,1,0.0821937334444245,Low
524,item1R1,0,0.113145289297725,Low
524,item1R2,0,-0.0565638801696048,Low
524,item2R1,0,-0.0900496028392593,Low
524,item2R2,0,0.0737035577136993,Low
524,item3R1,0,-0.0169962860980562,Low
524,item3R2,1,-0.174825273608734,Low
524,item4R1,0,-0.0772164620018429,Low
524,item4R2,0,-0.118633144551581,Low
524,item5R1,1,-0.127436065686794,Low
524,item5R2,0,0.09364041405257,Low
524,item6R1,1,-0.00327960546119257,Low
524,item6R2,0,-0.159615674899513,Low
524,item7R1,1,0.129845373040585,Low
524,item7R2,0,-0.198919438610145,Low
524,item8R1,0,-0.275710644338383,Low
524,item8R2,1,-0.177751021498236,Low
524,item9R1,0,-0.0666998528248587,Low
524,item9R2,0,-0.0595376981721143,Low
528,item10R1,1,-0.0345709514193637,High
528,item11R1,0,-0.147123248876709,High
528,item12R1,1,-0.0592993565465312,High
528,item13R1,1,0.0323515280067764,High
528,item14R1,1,-0.0417142616954855,High
528,item15R1,1,-0.0308269220005156,High
528,item16R1,1,0.358285021422873,High
528,item1R1,0,-0.117340457132362,High
528,item2R1,0,-0.109209392946126,High
528,item3R1,1,0.521091489271607,High
528,item4R1,1,-0.0162774193588736,High
528,item5R1,1,0.0897553176717453,High
528,item6R1,0,0.182882108910679,High
528,item7R1,1,0.0564446031823452,High
528,item8R1,1,0.0818659394465792,High
528,item9R1,1,0.0683626902374933,High
528,item10R1,0,-0.247687760136523,Low
528,item11R1,0,0.120196772197295,Low
528,item12R1,0,0.37137124306464,Low
528,item13R1,0,0.00448427852362491,Low
528,item14R1,0,-0.0550077511454632,Low
528,item15R1,0,0.028541074884137,Low
528,item16R1,0,0.245045049209426,Low
528,item1R1,0,-0.0732275686794558,Low
528,item2R1,0,-0.101665280843764,Low
528,item3R1,0,0.0458569027693852,Low
528,item4R1,0,0.0731959722194143,Low
528,item5R1,1,-0.01671312923603,Low
528,item6R1,0,0.190262253136333,Low
528,item7R1,0,-0.231995686713405,Low
528,item8R1,1,-0.132585093630738,Low
528,item9R1,1,0.211866435190615,Low
530,item10R1,0,0.0936925890474662,High
530,item10R2,0,0.00701889908703905,High
530,item11R1,0,0.176484410497743,High
530,item11R2,0,-0.317509877363076,High
530,item12R1,1,-0.110418653336158,High
530,item12R2,0,-0.133109462229582,High
530,item13R1,0,0.0167286070484103,High
530,item13R2,0,-0.226362691681883,High
530,item14R1,1,0.125505774924427,High
530,item14R2,1,-0.0142098282205116,High
530,item15R1,1,-0.13138705258578,High
530,item15R2,1,-0.083836337107004,High
530,item16R1,0,-0.135453655506817,High
530,item16R2,0,-0.202533309029201,High
530,item1R1,0,0.0777491121798081,High
530,item1R2,1,0.166213956413168,High
530,item2R1,0,-0.102751847543673,High
530,item2R2,0,-0.0662474514916469,High
530,item3R1,0,-0.0246627049746413,High
530,item3R2,0,0.0293765423987266,High
530,item4R1,0,0.121946081524285,High
530,item4R2,1,0.0752905195993637,High
530,item5R1,0,-0.0139087406861887,High
530,item5R2,0,-0.099889682749691,High
530,item6R1,0,-0.100456734674728,High
530,item6R2,0,-0.120760575185384,High
530,item7R1,1,-0.125130479850538,High
530,item7R2,0,-0.136944309888552,High
530,item8R1,0,0.131881182045754,High
530,item8R2,0,0.0421091286362293,High
530,item9R1,1,-0.0553004265130796,High
530,item9R2,0,0.0681192894520051,High
530,item10R1,1,-0.12523544816813,Low
530,item10R2,0,-0.171022742916137,Low
530,item11R1,0,-0.102798226408311,Low
530,item11R2,0,0.16458589864386,Low
530,item12R1,0,-0.0577638157398922,Low
530,item12R2,1,0.0585988143100663,Low
530,item13R1,0,0.0530368820025702,Low
530,item13R2,0,-0.115309516871475,Low
530,item14R1,1,0.109724917864296,Low
530,item14R2,0,-0.0130727483915539,Low
530,item15R1,0,0.0925751330213155,Low
530,item15R2,0,0.025599397383326,Low
530,item16R1,1,0.186867548369286,Low
530,item16R2,0,-0.140472613886883,Low
530,item1R1,0,-0.191955212181959,Low
530,item1R2,0,-0.0819523877345768,Low
530,item2R1,1,0.102555688005017,Low
530,item2R2,0,-0.175361555271276,Low
530,item3R1,0,1.17313236485033e-05,Low
530,item3R2,0,-0.0550279671157862,Low
530,item4R1,0,-0.0570332582297424,Low
530,item4R2,1,-0.0988639341577303,Low
530,item5R1,0,-0.181330067324103,Low
530,item5R2,0,0.0300814418788976,Low
530,item6R1,0,0.0912047694675989,Low
530,item6R2,0,-0.0284707926218916,Low
530,item7R1,1,-0.286587702977248,Low
530,item7R2,0,-0.0346623000204025,Low
530,item8R1,1,-0.0409555336251836,Low
530,item8R2,0,-0.0904108550168624,Low
530,item9R1,0,0.162637540964385,Low
530,item9R2,1,-0.201517849358974,Low
531,item10R1,0,0.0140475016243023,High
531,item10R2,1,0.241686028978119,High
531,item11R1,1,-0.0831439914690991,High
531,item11R2,1,-0.142020109840872,High
531,item12R1,1,-0.16479840642345,High
531,item12R2,1,0.11436626854631,High
531,item13R1,1,0.000186490482921537,High
531,item13R2,1,-0.0164118453692157,High
531,item14R1,0,0.0603212818014495,High
531,item14R2,1,0.110200112999894,High
531,item15R1,1,0.116267623547178,High
531,item15R2,1,-0.198988506762071,High
531,item16R1,1,0.0618943007037988,High
531,item16R2,1,0.0263816439930268,High
531,item1R1,1,0.0999217389311668,High
531,item1R2,1,0.173316867467957,High
531,item2R1,1,0.231485792474004,High
531,item2R2,1,0.0809709809388154,High
531,item3R1,1,-0.0800772025022697,High
531,item3R2,1,-0.0228853743565243,High
531,item4R1,1,0.260036787964267,High
531,item4R2,1,-0.135357381624935,High
531,item5R1,1,0.0907045141353287,High
531,item5R2,1,0.211540912843684,High
531,item6R1,0,0.0902196094432346,High
531,item6R2,1,0.026932767162069,High
531,item7R1,1,-0.072844162628213,High
531,item7R2,1,0.0454536428607658,High
531,item8R1,1,-0.0543612379429359,High
531,item8R2,1,0.00497243879316359,High
531,item9R1,1,0.318510567057372,High
531,item9R2,1,0.122220830464685,High
531,item10R1,1,-9.82232721717057e-05,Low
531,item10R2,1,-0.095154953746817,Low
531,item11R1,1,-0.136513214509185,Low
531,item11R2,1,-0.13755011388072,Low
531,item12R1,1,0.0124787403862645,Low
531,item12R2,1,-0.131430447092169,Low
531,item13R1,0,-0.0114725815671839,Low
531,item13R2,1,0.15398607406325,Low
531,item14R1,1,-0.0363903110233754,Low
531,item14R2,0,-0.0257440150780398,Low
531,item15R1,1,-0.0767628711430959,Low
531,item15R2,1,0.076139561082847,Low
531,item16R1,1,-0.192300912478376,Low
531,item16R2,1,0.154924976548902,Low
531,item1R1,1,-0.229589436747815,Low
531,item1R2,1,-0.0674442564158001,Low
531,item2R1,1,-0.0372253285746168,Low
531,item2R2,1,-0.0288246197744761,Low
531,item3R1,1,0.0124576998338386,Low
531,item3R2,1,0.0600366431792124,Low
531,item4R1,1,0.0262876777485638,Low
531,item4R2,1,0.252361667421143,Low
531,item5R1,0,0.11321957994101,Low
531,item5R2,1,0.0359137406405839,Low
531,item6R1,1,0.102704793303571,Low
531,item6R2,1,0.139415065460425,Low
531,item7R1,1,-0.0987909262905793,Low
531,item7R2,1,0.139460033059826,Low
531,item8R1,1,-0.088842743168459,Low
531,item8R2,1,0.0862387513200213,Low
531,item9R1,1,0.199513382207697,Low
531,item9R2,1,-0.0587726192983169,Low
532,item10R1,1,0.108851590055444,High
532,item10R2,1,-0.0951729698916139,High
532,item11R1,1,0.319552558337041,High
532,item11R2,1,0.0687689726090594,High
532,item12R1,1,0.0576213397127164,High
532,item12R2,0,0.107689316650607,High
532,item13R1,1,0.0179086433899068,High
532,item13R2,1,-0.0120793160800437,High
532,item14R1,1,0.0487678864610429,High
532,item14R2,0,-0.119466832827952,High
532,item15R1,1,0.151091062831447,High
532,item15R2,1,-0.179540466725648,High
532,item16R1,1,0.032949575750321,High
532,item16R2,1,0.335178474915407,High
532,item1R1,1,0.175010075235883,High
532,item1R2,1,-0.0518031869764476,High
532,item2R1,1,-0.0909686428855708,High
532,item2R2,1,0.155927696623503,High
532,item3R1,1,0.0418157976757182,High
532,item3R2,1,-0.114862249526545,High
532,item4R1,1,0.0454330859515052,High
532,item4R2,1,0.220019872741771,High
532,item5R1,1,0.0536229082637035,High
532,item5R2,1,-0.122017537725509,High
532,item6R1,1,-0.0502543010933272,High
532,item6R2,1,0.103654101664464,High
532,item7R1,1,-0.155960396008316,High
532,item7R2,1,-0.0150269814478092,High
532,item8R1,1,0.0705918132472188,High
532,item8R2,1,0.104870381435269,High
532,item9R1,1,-0.119191719556061,High
532,item9R2,1,0.0151969740735025,High
532,item10R1,1,0.0166592022985307,Low
532,item10R2,1,0.0264888128941242,Low
532,item11R1,1,-0.127490253050683,Low
532,item11R2,1,0.243082457809299,Low
532,item12R1,1,-0.140793476752731,Low
532,item12R2,1,0.0309007211786946,Low
532,item13R1,1,0.0476816095711439,Low
532,item13R2,1,-0.0578025423305869,Low
532,item14R1,1,0.0880809203457743,Low
532,item14R2,1,0.0162288054948026,Low
532,item15R1,1,0.0070685102961803,Low
532,item15R2,1,0.0232256473152899,Low
532,item16R1,1,0.0128779780749236,Low
532,item16R2,1,0.0460254964037378,Low
532,item1R1,1,0.152353522246226,Low
532,item1R2,1,0.115979416508297,Low
532,item2R1,1,0.111958030499807,Low
532,item2R2,1,0.193493231604229,Low
532,item3R1,1,0.00927243206282489,Low
532,item3R2,1,0.0765051915058533,Low
532,item4R1,1,0.101744851168683,Low
532,item4R2,1,0.0610210319868785,Low
532,item5R1,1,-0.184129827755163,Low
532,item5R2,1,0.0702034956476087,Low
532,item6R1,0,0.260416617733149,Low
532,item6R2,1,0.279074931598626,Low
532,item7R1,0,0.0119488200182777,Low
532,item7R2,1,-0.00452070350337494,Low
532,item8R1,1,0.0607969612524225,Low
532,item8R2,1,0.161355318715937,Low
532,item9R1,1,-0.116727779092292,Low
532,item9R2,1,-0.000464113018222453,Low
536,item10R1,1,0.131490470044819,High
536,item10R2,0,-0.0764894094897026,High
536,item11R1,1,-0.0157897636127798,High
536,item11R2,1,-0.0947385528383251,High
536,item12R1,0,-0.00525783184948867,High
536,item12R2,1,0.0273584836041736,High
536,item13R1,1,0.0702921651734437,High
536,item13R2,1,-0.0310112291688346,High
536,item14R1,1,-0.0901530032181461,High
536,item14R2,1,0.108756273802492,High
536,item15R1,1,0.321336665311216,High
536,item15R2,1,0.051784636593296,High
536,item16R1,1,0.220502920088989,High
536,item16R2,1,0.106360349597059,High
536,item1R1,1,-0.0157735635314539,High
536,item1R2,1,0.0644961622581339,High
536,item2R1,1,0.199787599790336,High
536,item2R2,1,-0.103348463112845,High
536,item3R1,1,0.0412087230584403,High
536,item3R2,1,0.0790219939472354,High
536,item4R1,1,-0.01811542129974,High
536,item4R2,0,-0.162217860664788,High
536,item5R1,1,-0.0978448120288233,High
536,item5R2,1,-0.0931560292632635,High
536,item6R1,1,0.0796375922649559,High
536,item6R2,0,0.0813963397201735,High
536,item7R1,1,-0.0302003260355169,High
536,item7R2,1,-0.0196765244009964,High
536,item8R1,0,-0.015802942488721,High
536,item8R2,0,-0.0942625185082654,High
536,item9R1,1,-0.010187293404255,High
536,item9R2,1,-0.0970189302820497,High
536,item10R1,1,-0.00429974589024253,Low
536,item10R2,1,0.0916679340188038,Low
536,item11R1,1,-0.0213237989324873,Low
536,item11R2,0,0.00775675560960791,Low
536,item12R1,1,0.0997616929229419,Low
536,item12R2,1,-0.163630505748074,Low
536,item13R1,1,0.141484348974911,Low
536,item13R2,1,-0.0574485031326977,Low
536,item14R1,0,-0.156870588896218,Low
536,item14R2,1,-0.0388025195924286,Low
536,item15R1,0,0.129598131667362,Low
536,item15R2,1,0.213837208289243,Low
536,item16R1,1,-0.00984312323593914,Low
536,item16R2,0,0.0532438646876146,Low
536,item1R1,0,0.0597555444593561,Low
536,item1R2,1,-0.117094224851062,Low
536,item2R1,0,0.0228776557550742,Low
536,item2R2,1,0.0375368503532464,Low
536,item3R1,1,0.130220426976545,Low
536,item3R2,1,-0.0601449887176622,Low
536,item4R1,1,0.00101228363188384,Low
536,item4R2,1,0.0156411526582695,Low
536,item5R1,0,0.0758209449958233,Low
536,item5R2,1,-0.0576312216074977,Low
536,item6R1,0,0.0312161534029334,Low
536,item6R2,1,-0.14863991480262,Low
536,item7R1,1,-0.149644529208482,Low
536,item7R2,1,0.104125492606262,Low
536,item8R1,1,0.0826647128776935,Low
536,item8R2,1,-0.20251642145371,Low
536,item9R1,1,-0.0695038766718798,Low
536,item9R2,1,0.175711357713172,Low
537,item10R1,1,-0.16368232291856,High
537,item10R2,1,-0.0636958511201917,High
537,item11R1,1,0.131794511512637,High
537,item11R2,1,0.0228635527027595,High
537,item12R1,1,-0.0890981783485588,High
537,item12R2,1,0.00257632215160344,High
537,item13R1,0,0.046602370020048,High
537,item13R2,0,-0.14817430369791,High
537,item14R1,1,-0.0587541811911223,High
537,item14R2,1,0.0210466492769024,High
537,item15R1,1,-0.122295262757857,High
537,item15R2,1,-0.112670579495798,High
537,item16R1,0,-0.103120113582051,High
537,item16R2,1,0.147240272924687,High
537,item1R1,0,-0.0717957903483009,High
537,item1R2,1,-0.0907997918847744,High
537,item2R1,1,-0.132316361009231,High
537,item2R2,1,-0.0666184957804521,High
537,item3R1,1,-0.0995265190076075,High
537,item3R2,0,0.162187958007962,High
537,item4R1,1,0.154615249668351,High
537,item4R2,1,-0.127375866121657,High
537,item5R1,1,-0.147709339559552,High
537,item5R2,1,0.152297696827097,High
537,item6R1,1,-0.031231445727627,High
537,item6R2,0,0.0428200000305907,High
537,item7R1,1,0.0999982922540467,High
537,item7R2,1,-0.0236635168757332,High
537,item8R1,1,0.0428764756778683,High
537,item8R2,1,-0.0627054554943264,High
537,item9R1,1,-0.0716648157293327,High
537,item9R2,0,-0.0148704511606578,High
537,item10R1,1,-0.0679149358304311,Low
537,item10R2,1,-0.0152050421509854,Low
537,item11R1,1,0.00071561278426782,Low
537,item11R2,1,-0.0163985996742132,Low
537,item12R1,0,0.0186839415758301,Low
537,item12R2,1,-0.0442757988763583,Low
537,item13R1,1,-0.127510933571627,Low
537,item13R2,1,0.0217348278330783,Low
537,item14R1,0,0.0189030282332097,Low
537,item14R2,1,-0.056428530231338,Low
537,item15R1,1,0.0663773706386596,Low
537,item15R2,1,0.135658333629791,Low
537,item16R1,0,-0.197407367471019,Low
537,item16R2,0,0.0488971155205572,Low
537,item1R1,0,-0.0904603132295092,Low
537,item1R2,1,0.334318193963178,Low
537,item2R1,1,-0.0927644614527301,Low
537,item2R2,1,0.0970142515078236,Low
537,item3R1,1,-0.031491794753555,Low
537,item3R2,1,0.0826642714390548,Low
537,item4R1,1,-0.140965836099469,Low
537,item4R2,1,-0.0465730988336555,Low
537,item5R1,1,-0.118461801794872,Low
537,item5R2,1,0.0971534502384718,Low
537,item6R1,1,-0.000409584528912683,Low
537,item6R2,1,0.0137131080853093,Low
537,item7R1,0,0.107901369008597,Low
537,item7R2,0,-0.160391902909134,Low
537,item8R1,1,0.0673725635879562,Low
537,item8R2,0,0.112444895075566,Low
537,item9R1,1,-0.189868610227295,Low
537,item9R2,0,0.0212192875988221,Low
540,item10R1,0,0.332253572027372,High
540,item10R2,1,0.145306956080996,High
540,item11R1,1,-0.168219209729137,High
540,item11R2,1,0.0934578646890432,High
540,item12R1,0,-0.0198080025137426,High
540,item12R2,1,-0.0136635245938383,High
540,item13R1,1,0.0514526051135253,High
540,item13R2,1,0.0343165891755359,High
540,item14R1,1,0.10042575425139,High
540,item14R2,0,0.0858340226287864,High
540,item15R1,1,-0.0455295716192323,High
540,item15R2,1,0.256970857646853,High
540,item16R1,0,-0.101745351333766,High
540,item16R2,1,-0.0128705774640894,High
540,item1R1,1,-0.0497873824344354,High
540,item1R2,1,-0.0124388450125343,High
540,item2R1,1,0.0767808478871309,High
540,item2R2,0,-0.332996996423489,High
540,item3R1,1,0.0724276741527066,High
540,item3R2,1,0.154970902444277,High
540,item4R1,0,0.187529898146003,High
540,item4R2,1,0.0358364160948207,High
540,item5R1,1,-0.0387519580215308,High
540,item5R2,1,-0.141249428246155,High
540,item6R1,0,0.0344784996041704,High
540,item6R2,0,-0.129265933247957,High
540,item7R1,1,0.0215274864355773,High
540,item7R2,1,-0.0495786916099093,High
540,item8R1,0,0.0300522214672494,High
540,item8R2,1,-0.0871019657501977,High
540,item9R1,0,-0.0836703265434409,High
540,item9R2,1,0.0536404585442333,High
540,item10R1,0,-0.0713053251336084,Low
540,item10R2,1,0.0676813815404055,Low
540,item11R1,1,-0.0628035673885001,Low
540,item11R2,1,0.0172744544557789,Low
540,item12R1,0,0.0766790960279638,Low
540,item12R2,1,-0.010434579041623,Low
540,item13R1,0,0.00194636774552852,Low
540,item13R2,1,0.0867137225867022,Low
540,item14R1,1,0.0756916044194566,Low
540,item14R2,1,-0.0294883362968493,Low
540,item15R1,1,0.168661085115862,Low
540,item15R2,1,-0.0695908444311784,Low
540,item16R1,0,-0.110865315796938,Low
540,item16R2,0,-0.0144831476754951,Low
540,item1R1,1,0.0284041675358949,Low
540,item1R2,1,0.0191526875165642,Low
540,item2R1,1,-0.0524671665581739,Low
540,item2R2,1,-0.0893822936081279,Low
540,item3R1,0,-0.0528303933155783,Low
540,item3R2,0,-0.0548038067802575,Low
540,item4R1,1,0.00569744647491632,Low
540,item4R2,0,0.137963739998943,Low
540,item5R1,0,0.168004557969659,Low
540,item5R2,1,-0.00266630094895221,Low
540,item6R1,1,-0.0927920543226532,Low
540,item6R2,1,-0.0670354684591917,Low
540,item7R1,1,0.0611198737893335,Low
540,item7R2,0,0.0853811881025258,Low
540,item8R1,1,-0.115106583992348,Low
540,item8R2,1,-0.08914131736911,Low
540,item9R1,1,-0.128303767510862,Low
540,item9R2,1,0.126345754247133,Low
541,item10R1,1,-0.247567549046378,High
541,item11R1,0,-0.0895292299983401,High
541,item12R1,0,0.170215169625997,High
541,item13R1,1,-0.173226396925933,High
541,item14R1,0,0.17762548060683,High
541,item15R1,0,-0.0954327198952126,High
541,item16R1,1,0.0238084951848796,High
541,item1R1,1,-0.129070516923728,High
541,item2R1,0,0.0958201376868282,High
541,item3R1,1,-0.150724707639496,High
541,item4R1,0,0.0228665171664492,High
541,item5R1,0,-0.193568288601599,High
541,item6R1,1,-0.28209737844947,High
541,item7R1,1,-0.154357061636935,High
541,item8R1,1,0.0442087403697211,High
541,item9R1,1,-0.0113451751080747,High
541,item10R1,1,0.158513303315205,Low
541,item11R1,1,-0.0575074531982342,Low
541,item12R1,0,-0.148429423894778,Low
541,item13R1,1,-0.0587679424306498,Low
541,item14R1,1,-0.021332897283802,Low
541,item15R1,1,-0.177573512346799,Low
541,item16R1,0,0.0265421447064497,Low
541,item1R1,0,-0.0254031624654596,Low
541,item2R1,1,0.132794924747735,Low
541,item3R1,0,-0.0167271141034218,Low
541,item4R1,0,0.0408956763646241,Low
541,item5R1,1,0.043796309584269,Low
541,item6R1,1,-0.109612110413709,Low
541,item7R1,1,-0.00647304082388864,Low
541,item8R1,0,-0.0353316207551771,Low
541,item9R1,1,0.0694523310371443,Low
542,item10R2,0,0.0248784089815643,High
542,item11R2,0,0.0663175441639818,High
542,item12R2,0,-0.112521279292478,High
542,item13R2,0,0.0183749900553961,High
542,item14R2,0,-0.0241635687394531,High
542,item15R2,0,-0.104471583561482,High
542,item16R2,0,0.178940659101842,High
542,item1R2,0,-0.0530764757948293,High
542,item2R2,0,0.0323196351467508,High
542,item3R2,0,-0.0327748158222661,High
542,item4R2,0,0.0348760696735927,High
542,item5R2,1,0.0885092820756122,High
542,item6R2,0,-0.142689410155699,High
542,item7R2,1,0.0486856120118454,High
542,item8R2,0,0.0463567537023481,High
542,item9R2,1,0.0193976894705091,High
542,item10R2,0,0.0393945066104189,Low
542,item11R2,0,0.0172982824997688,Low
542,item12R2,0,-0.16621586904054,Low
542,item13R2,0,0.233959769669831,Low
542,item14R2,0,0.072195930029907,Low
542,item15R2,0,0.0115302262590768,Low
542,item16R2,0,0.105885029279715,Low
542,item1R2,1,0.0262668540577613,Low
542,item2R2,0,-0.0770593820332436,Low
542,item3R2,1,0.192182326934115,Low
542,item4R2,0,0.109007187115027,Low
542,item5R2,1,0.0327914620790462,Low
542,item6R2,0,0.0652069710181705,Low
542,item7R2,0,0.120197944860954,Low
542,item8R2,1,0.0737673441733936,Low
542,item9R2,0,-0.00162432512817669,Low
545,item10R1,0,-0.128585852454746,High
545,item10R2,1,-0.11240694958441,High
545,item11R1,1,0.207901819726981,High
545,item11R2,1,0.054922521138275,High
545,item12R1,1,0.0790074898819949,High
545,item12R2,0,-0.0590105058142599,High
545,item13R1,0,0.0105995786966091,High
545,item13R2,1,-0.0321348279686957,High
545,item14R1,0,-0.247533457385072,High
545,item14R2,1,0.0382309608103412,High
545,item15R1,0,0.206334327157109,High
545,item15R2,0,0.0940755698262411,High
545,item16R1,1,-0.0540390581394491,High
545,item16R2,0,-0.148230148962809,High
545,item1R1,1,-0.0583022497995523,High
545,item1R2,0,-0.0812491247563736,High
545,item2R1,0,-0.0614177840659157,High
545,item2R2,0,0.00488321104399269,High
545,item3R1,0,0.278034222959016,High
545,item3R2,0,0.086711591857459,High
545,item4R1,1,-0.0477761776275647,High
545,item4R2,0,-0.0921548217815641,High
545,item5R1,1,0.0443837281868532,High
545,item5R2,1,0.123579792883348,High
545,item6R1,1,0.131699801448745,High
545,item6R2,0,0.159129953493583,High
545,item7R1,1,-0.0340736637905534,High
545,item7R2,0,0.00427217175829996,High
545,item8R1,0,0.0442396904560898,High
545,item8R2,0,-0.197611717145085,High
545,item9R1,0,0.026072579369663,High
545,item9R2,0,0.0752499653430344,High
545,item10R1,0,-0.19968311849677,Low
545,item10R2,1,-0.139410015963029,Low
545,item11R1,0,-0.138881796696352,Low
545,item11R2,1,-0.0113797674845685,Low
545,item12R1,0,-0.0890099272209292,Low
545,item12R2,0,-0.0961822572852129,Low
545,item13R1,0,0.122785941417473,Low
545,item13R2,1,0.0416234212202855,Low
545,item14R1,0,-0.136416612454987,Low
545,item14R2,0,0.00713676017406683,Low
545,item15R1,1,-0.174544618140552,Low
545,item15R2,0,0.16909726751874,Low
545,item16R1,0,0.129342178553286,Low
545,item16R2,0,-0.239436719269198,Low
545,item1R1,0,0.0188564006209552,Low
545,item1R2,0,-0.0120522316313398,Low
545,item2R1,0,-0.152372715078612,Low
545,item2R2,0,0.0654513436630991,Low
545,item3R1,1,-0.209774147510443,Low
545,item3R2,0,0.0131981377975854,Low
545,item4R1,0,0.0880024420025842,Low
545,item4R2,0,0.0749602710671823,Low
545,item5R1,0,-0.0823971733339898,Low
545,item5R2,0,-0.0416604182662294,Low
545,item6R1,0,-0.117651178686389,Low
545,item6R2,0,0.013330658851925,Low
545,item7R1,0,0.0636130478911451,Low
545,item7R2,0,-0.208217539235483,Low
545,item8R1,0,0.224887758074501,Low
545,item8R2,0,0.112162418278915,Low
545,item9R1,0,-0.0221385226058226,Low
545,item9R2,0,0.209706294124279,Low
548,item10R1,0,0.0272484001616708,High
548,item11R1,0,-0.0368073387503828,High
548,item12R1,0,0.12701334111189,High
548,item13R1,0,-0.114919256422602,High
548,item14R1,0,-0.089698897858063,High
548,item15R1,0,-0.0436830719547619,High
548,item16R1,0,0.0977199395549454,High
548,item1R1,0,0.045075914058706,High
548,item2R1,0,-0.0487171813856674,High
548,item3R1,0,-0.0199208729494354,High
548,item4R1,0,-0.0410711328477244,High
548,item5R1,0,-0.0608024206716112,High
548,item6R1,0,-0.108220810633905,High
548,item7R1,0,0.00663289581461173,High
548,item8R1,0,0.207919626989055,High
548,item9R1,0,-0.123753695151292,High
548,item10R1,0,-0.029969445122401,Low
548,item11R1,0,0.0249381323878276,Low
548,item12R1,0,0.0659667934277154,Low
548,item13R1,1,0.0264548534624864,Low
548,item14R1,1,0.0258538973081982,Low
548,item15R1,0,0.115621200290385,Low
548,item16R1,0,-0.171530769788035,Low
548,item1R1,0,0.0336029554063116,Low
548,item2R1,0,-0.11873579526458,Low
548,item3R1,1,0.0976794628920608,Low
548,item4R1,0,-0.160754814792982,Low
548,item5R1,0,0.03155429756634,Low
548,item6R1,0,-0.0400180166403154,Low
548,item7R1,1,-0.0393672686099594,Low
548,item8R1,0,0.0593502377631465,Low
548,item9R1,0,0.107279324477013,Low
549,item10R1,1,-0.0107501586006535,High
549,item11R1,0,0.229648290285586,High
549,item12R1,0,0.0993552984002741,High
549,item13R1,0,0.0748544057346759,High
549,item14R1,1,0.0170399151426681,High
549,item15R1,0,-0.142569183156732,High
549,item16R1,0,-0.0884429973202252,High
549,item1R1,0,-0.263637996896797,High
549,item2R1,1,-0.00636940853490829,High
549,item3R1,0,0.0593064347692901,High
549,item4R1,0,0.0298464168435597,High
549,item5R1,0,-0.118741093105566,High
549,item6R1,1,0.0745733214023243,High
549,item7R1,0,0.078291956164686,High
549,item8R1,0,0.251551790985314,High
549,item9R1,1,0.0551144405228216,High
549,item10R1,0,0.077477125061616,Low
549,item11R1,1,0.00326935841716738,Low
549,item12R1,1,-0.0411191888153204,Low
549,item13R1,0,0.158823017624407,Low
549,item14R1,0,0.0314842753861388,Low
549,item15R1,0,-0.0394235561128839,Low
549,item16R1,0,0.32272655250112,Low
549,item1R1,0,-0.0159485187260414,Low
549,item2R1,0,0.0980794129493764,Low
549,item3R1,0,0.293551022207084,Low
549,item4R1,1,0.0509286357816456,Low
549,item5R1,1,-0.0794182905154679,Low
549,item6R1,0,0.20569872083343,Low
549,item7R1,0,-0.0301633199190144,Low
549,item8R1,1,-0.0490764886385577,Low
549,item9R1,0,0.0191009194613895,Low
550,item10R1,1,0.13120762223964,High
550,item10R2,1,-0.0820210447404178,High
550,item11R1,0,-0.178656609860294,High
550,item11R2,1,0.0642720933773122,High
550,item12R1,1,-0.0728491531220714,High
550,item12R2,1,0.0657542906785396,High
550,item13R1,0,-0.18194883025584,High
550,item13R2,1,0.119753619070926,High
550,item14R1,0,0.0721717616957974,High
550,item14R2,1,-0.0796125019969688,High
550,item15R1,0,-0.22773645687872,High
550,item15R2,0,-0.0110176760476353,High
550,item16R1,1,-0.102417608123262,High
550,item16R2,0,0.0873635242983008,High
550,item1R1,1,-0.0820492513611835,High
550,item1R2,1,-0.0713593462281834,High
550,item2R1,0,-0.0798828336019922,High
550,item2R2,1,0.124588667485453,High
550,item3R1,0,0.0453364309391347,High
550,item3R2,1,-0.0290955538869253,High
550,item4R1,0,-0.112278342091619,High
550,item4R2,1,-0.0347445332381404,High
550,item5R1,0,0.0184602070352464,High
550,item5R2,1,0.189721156765673,High
550,item6R1,1,0.15389659223469,High
550,item6R2,1,-0.0645630996700005,High
550,item7R1,1,0.142587119797752,High
550,item7R2,1,-0.100467678702336,High
550,item8R1,1,0.0200510542324556,High
550,item8R2,1,-0.0668758467551766,High
550,item9R1,1,-0.0950628456884119,High
550,item9R2,1,0.0210566773008326,High
550,item10R1,0,0.102593726299322,Low
550,item10R2,1,-0.0585400740292935,Low
550,item11R1,1,-0.0946723480153515,Low
550,item11R2,1,0.13132312754732,Low
550,item12R1,1,-0.0847183434454692,Low
550,item12R2,0,-0.0290482103656208,Low
550,item13R1,1,-0.175422095393807,Low
550,item13R2,0,-0.0776455427305749,Low
550,item14R1,1,-0.057576963449778,Low
550,item14R2,1,0.0756380767676638,Low
550,item15R1,1,-0.213443971954376,Low
550,item15R2,0,-0.26301029638277,Low
550,item16R1,0,-0.0692620932513519,Low
550,item16R2,0,-0.0119779261587079,Low
550,item1R1,0,-0.0943978688159995,Low
550,item1R2,0,-0.053832091313959,Low
550,item2R1,1,-0.0462082326020661,Low
550,item2R2,1,-0.20333217885055,Low
550,item3R1,1,0.118180098289117,Low
550,item3R2,1,-0.0509752370835114,Low
550,item4R1,1,-0.243754939701834,Low
550,item4R2,1,0.0165602278597296,Low
550,item5R1,1,0.00294347168895297,Low
550,item5R2,1,0.161533024784412,Low
550,item6R1,1,0.0212235456349957,Low
550,item6R2,1,-0.153803854237948,Low
550,item7R1,1,0.0893147548740778,Low
550,item7R2,1,-0.0162043625612046,Low
550,item8R1,1,0.142203949272653,Low
550,item8R2,1,-0.00812407793402573,Low
550,item9R1,1,-0.0489602381382959,Low
550,item9R2,1,0.103888798864128,Low
552,item10R1,1,-0.0375397347964633,High
552,item10R2,1,0.249289223472251,High
552,item11R1,1,0.0718177251275932,High
552,item11R2,0,0.0132638942296821,High
552,item12R1,1,-0.0379089822315642,High
552,item12R2,1,0.330999292726428,High
552,item13R1,1,0.0140395845794011,High
552,item13R2,0,0.0114433928168946,High
552,item14R1,1,-0.0538032211704469,High
552,item14R2,1,0.206326722260966,High
552,item15R1,1,0.0882218014455856,High
552,item15R2,0,0.152439829121814,High
552,item16R1,0,0.140478306508423,High
552,item16R2,1,-0.124932945437559,High
552,item1R1,1,0.100137973616522,High
552,item1R2,1,-0.0211548448871409,High
552,item2R1,1,-0.137252223087183,High
552,item2R2,1,-0.0340531692945651,High
552,item3R1,0,-0.0523779410159129,High
552,item3R2,1,0.100007485602517,High
552,item4R1,1,0.0234505767916915,High
552,item4R2,1,0.13513341965119,High
552,item5R1,1,0.165800975220716,High
552,item5R2,1,0.140997041893954,High
552,item6R1,1,0.00286774865176635,High
552,item6R2,0,0.106434011903596,High
552,item7R1,1,0.105521814386048,High
552,item7R2,0,0.0894249834434081,High
552,item8R1,1,0.0230549116259834,High
552,item8R2,1,0.0360707806011262,High
552,item9R1,0,0.0249906772810172,High
552,item9R2,1,-0.0419606211299892,High
552,item10R1,1,-0.10690575394357,Low
552,item10R2,1,0.0175435458396471,Low
552,item11R1,0,-0.00286372510805875,Low
552,item11R2,1,-0.0282826244990182,Low
552,item12R1,1,-0.0964748939763275,Low
552,item12R2,0,-0.0854476813197072,Low
552,item13R1,1,-0.0916775725052806,Low
552,item13R2,1,0.0875388119972261,Low
552,item14R1,0,-0.0921582110362878,Low
552,item14R2,1,-0.0135008376599043,Low
552,item15R1,0,-0.00324558131094128,Low
552,item15R2,1,-0.0240039919242108,Low
552,item16R1,0,0.0621464388260333,Low
552,item16R2,0,-0.000313660751889906,Low
552,item1R1,0,-0.0414821123845954,Low
552,item1R2,1,0.192202171969325,Low
552,item2R1,1,-0.141321604897543,Low
552,item2R2,0,-0.0883555765854171,Low
552,item3R1,1,0.071800143457237,Low
552,item3R2,1,-0.0914799519870875,Low
552,item4R1,0,0.0281517886113181,Low
552,item4R2,0,-0.0590012000443535,Low
552,item5R1,0,0.16171326812436,Low
552,item5R2,1,-0.0456126871735709,Low
552,item6R1,1,-0.140529421074075,Low
552,item6R2,1,0.076997037854378,Low
552,item7R1,1,-0.0801681474637276,Low
552,item7R2,0,0.222891731907302,Low
552,item8R1,1,-0.00845882086182893,Low
552,item8R2,0,-0.0412416339843832,Low
552,item9R1,1,0.294019075290565,Low
552,item9R2,1,0.108019843971393,Low
557,item10R1,0,0.0379679231414844,High
557,item10R2,0,0.141627411796251,High
557,item11R1,0,-0.245770517181445,High
557,item11R2,1,0.0385838021942588,High
557,item12R1,1,-0.0300844137491519,High
557,item12R2,1,-0.019622013422079,High
557,item13R1,1,0.0881142738712462,High
557,item13R2,1,-0.162510829659201,High
557,item14R1,1,0.111649455195336,High
557,item14R2,1,-0.115268087908641,High
557,item15R1,0,0.0531830709522302,High
557,item15R2,1,0.0382912487059216,High
557,item16R1,1,-0.107891168289465,High
557,item16R2,1,0.124032051335957,High
557,item1R1,0,0.0547482824560056,High
557,item1R2,1,-0.147287816958351,High
557,item2R1,1,-0.0865462951850462,High
557,item2R2,1,-0.231683542950112,High
557,item3R1,0,-0.0300108275660997,High
557,item3R2,0,0.110211065507421,High
557,item4R1,0,-0.026117556137951,High
557,item4R2,0,-0.0793855072534505,High
557,item5R1,1,-0.0701548747435519,High
557,item5R2,1,-0.236503321937599,High
557,item6R1,1,-0.188877428408454,High
557,item6R2,0,0.113532838235323,High
557,item7R1,1,-0.09431319753647,High
557,item7R2,1,0.0298066424959177,High
557,item8R1,1,-0.0290882874233789,High
557,item8R2,1,0.157707628653867,High
557,item9R1,1,-0.208107851261512,High
557,item9R2,1,-0.212141166838523,High
557,item10R1,1,0.0395831926411736,Low
557,item10R2,1,-0.00233830267804372,Low
557,item11R1,1,-0.127296094948104,Low
557,item11R2,1,-0.0484141150830296,Low
557,item12R1,1,0.107980113781382,Low
557,item12R2,1,-0.242986518438598,Low
557,item13R1,1,-0.129583322816711,Low
557,item13R2,0,0.135860064377074,Low
557,item14R1,0,0.0711182411942231,Low
557,item14R2,1,-0.0482043299030214,Low
557,item15R1,1,0.109384926499726,Low
557,item15R2,1,0.103732361602718,Low
557,item16R1,1,0.0419550268230268,Low
557,item16R2,1,0.0800883977990671,Low
557,item1R1,0,-3.15362948597066e-05,Low
557,item1R2,1,0.0908047805567986,Low
557,item2R1,1,0.0402855905240599,Low
557,item2R2,1,-0.0154034081152501,Low
557,item3R1,0,-0.18078630420094,Low
557,item3R2,0,-0.0871214864581525,Low
557,item4R1,1,0.0314422060931524,Low
557,item4R2,0,-0.104784170944814,Low
557,item5R1,1,0.0675997832785841,Low
557,item5R2,0,-0.213368674743742,Low
557,item6R1,1,-0.0518227592827924,Low
557,item6R2,1,-0.0465274864900871,Low
557,item7R1,0,-0.0173743157385141,Low
557,item7R2,1,-0.100409373350712,Low
557,item8R1,1,0.0265404209581613,Low
557,item8R2,1,-0.225481053280218,Low
557,item9R1,1,0.111079231268786,Low
557,item9R2,0,0.0160350933472079,Low
558,item10R1,1,-0.0625855796376225,High
558,item10R2,1,0.169944799903825,High
558,item11R1,1,-0.00819862502343331,High
558,item11R2,0,-0.0640826739344066,High
558,item12R1,1,0.0240616575183561,High
558,item12R2,1,0.0126759814808696,High
558,item13R1,0,-0.00116151893339321,High
558,item13R2,1,0.10401512766524,High
558,item14R1,1,-0.00399387340777918,High
558,item14R2,1,0.0278443643203091,High
558,item15R1,1,-0.0716994493600911,High
558,item15R2,0,-0.107812812010328,High
558,item16R1,1,-0.14626607766984,High
558,item16R2,1,-0.0967168258824368,High
558,item1R1,1,0.0875845055977948,High
558,item1R2,1,-0.0400549703498823,High
558,item2R1,1,-0.0395901330046316,High
558,item2R2,1,-0.167707784338804,High
558,item3R1,1,0.00625351242682507,High
558,item3R2,1,0.120240755940136,High
558,item4R1,1,0.0829917573177329,High
558,item4R2,1,0.130660852055156,High
558,item5R1,1,0.153314392263407,High
558,item5R2,0,0.0595628207398767,High
558,item6R1,1,-0.151821444155926,High
558,item6R2,1,-0.0686988844435563,High
558,item7R1,1,-0.21986600261808,High
558,item7R2,1,0.065486336092475,High
558,item8R1,0,-0.0928548060498591,High
558,item8R2,1,0.0796882102505804,High
558,item9R1,0,0.00539899212891562,High
558,item9R2,1,0.0250123922163958,High
558,item10R1,1,-0.0391197133913243,Low
558,item10R2,0,-0.11529137375514,Low
558,item11R1,0,0.0897029709912175,Low
558,item11R2,1,-0.0225756640670951,Low
558,item12R1,1,0.0392395095554412,Low
558,item12R2,0,0.0301999123914853,Low
558,item13R1,1,0.114726427784153,Low
558,item13R2,1,0.0832241700559141,Low
558,item14R1,1,-0.208164677309104,Low
558,item14R2,0,0.221085406443741,Low
558,item15R1,0,-0.018335411393943,Low
558,item15R2,1,-0.160472441769261,Low
558,item16R1,0,-0.145405537565555,Low
558,item16R2,1,-0.0153686809622033,Low
558,item1R1,1,-0.182998916701056,Low
558,item1R2,0,0.0461065826928261,Low
558,item2R1,1,0.0797020012156203,Low
558,item2R2,1,0.28371577889342,Low
558,item3R1,1,-0.0458371565723953,Low
558,item3R2,1,-0.0844984829489052,Low
558,item4R1,1,0.230896942039578,Low
558,item4R2,0,-0.127941865617515,Low
558,item5R1,1,-0.106074624875724,Low
558,item5R2,1,0.136710255803292,Low
558,item6R1,1,-0.0536233771787423,Low
558,item6R2,1,0.154745748057252,Low
558,item7R1,1,0.134884735244265,Low
558,item7R2,0,-0.00920915644897537,Low
558,item8R1,1,0.0972439357857184,Low
558,item8R2,1,0.153532603552422,Low
558,item9R1,1,0.102122555547233,Low
558,item9R2,1,0.0585611892995708,Low
559,item10R1,1,0.206930739699069,High
559,item10R2,0,-0.0495532978163444,High
559,item11R1,1,-0.179736269791405,High
559,item11R2,0,-0.00698927938693941,High
559,item12R1,0,0.160212364343757,High
559,item12R2,0,0.0454408329283118,High
559,item13R1,0,0.062892305630103,High
559,item13R2,0,-0.0732153453329576,High
559,item14R1,0,-0.120896605943654,High
559,item14R2,0,-0.077486606262505,High
559,item15R1,0,0.00895227981435649,High
559,item15R2,0,-0.169847462634079,High
559,item16R1,1,-0.136087101569621,High
559,item16R2,0,-0.060829335297017,High
559,item1R1,0,-0.105169379863731,High
559,item1R2,0,0.0912741727602252,High
559,item2R1,1,0.158182776859921,High
559,item2R2,1,0.122745196923614,High
559,item3R1,0,-0.142048089738423,High
559,item3R2,1,-0.0790028498735505,High
559,item4R1,0,-0.0407352651943489,High
559,item4R2,0,-0.0860858112533426,High
559,item5R1,0,-0.0649017707950116,High
559,item5R2,0,-0.0938965588035821,High
559,item6R1,0,0.174585667504543,High
559,item6R2,0,-0.0725133194861424,High
559,item7R1,0,0.0235668436431027,High
559,item7R2,0,-0.200387068156484,High
559,item8R1,1,0.0385698838910444,High
559,item8R2,0,-0.0139666945249068,High
559,item9R1,1,-0.356549255519551,High
559,item9R2,0,0.0667572393595485,High
559,item10R1,0,0.142338264743811,Low
559,item10R2,0,0.00987210788057591,Low
559,item11R1,0,0.097657158585176,Low
559,item11R2,0,-0.153824164672801,Low
559,item12R1,0,-0.0319725042018383,Low
559,item12R2,0,0.165643573263756,Low
559,item13R1,1,0.0794889599322346,Low
559,item13R2,0,-0.112640142385951,Low
559,item14R1,1,-0.109110961492682,Low
559,item14R2,0,0.0970747893430895,Low
559,item15R1,1,0.234454782136108,Low
559,item15R2,0,-0.0134052782305323,Low
559,item16R1,0,0.0756684332266118,Low
559,item16R2,0,0.0132323023174898,Low
559,item1R1,1,-0.124653085301935,Low
559,item1R2,1,0.254461781643642,Low
559,item2R1,0,-0.142032755868882,Low
559,item2R2,1,-0.0852030460685217,Low
559,item3R1,0,0.0748593351579914,Low
559,item3R2,0,0.0827125186501538,Low
559,item4R1,0,-0.0620277542861973,Low
559,item4R2,0,0.0115307808642439,Low
559,item5R1,0,-0.127355348835819,Low
559,item5R2,0,-0.0939281064402187,Low
559,item6R1,0,-0.282825300474722,Low
559,item6R2,0,0.133101958948982,Low
559,item7R1,0,0.063091935659399,Low
559,item7R2,0,0.0426313968492324,Low
559,item8R1,0,-0.199790104637003,Low
559,item8R2,1,-0.0130257285646349,Low
559,item9R1,1,0.0535477397562299,Low
559,item9R2,1,0.00453829888068762,Low
560,item10R1,1,-0.0826691214325286,High
560,item10R2,0,0.0987121335192145,High
560,item11R1,0,-0.0732900171661149,High
560,item11R2,1,-0.0933965786379375,High
560,item12R1,0,-0.061474560297142,High
560,item12R2,1,-0.110030883262012,High
560,item13R1,1,-0.156038187353201,High
560,item13R2,0,0.0785994903481669,High
560,item14R1,0,0.21945546534659,High
560,item14R2,0,-0.0331567636347577,High
560,item15R1,0,-0.0966020011556424,High
560,item15R2,1,-0.208504033600163,High
560,item16R1,1,0.0344271472368443,High
560,item16R2,1,0.0533378100324159,High
560,item1R1,0,-0.0405599232185393,High
560,item1R2,1,0.00394649836047529,High
560,item2R1,1,0.239192752785362,High
560,item2R2,1,-0.0635580465869545,High
560,item3R1,1,0.0237117637671659,High
560,item3R2,0,-0.0131875508696669,High
560,item4R1,0,0.00168219658676026,High
560,item4R2,1,0.179990078382666,High
560,item5R1,1,-0.0553251930034868,High
560,item5R2,1,-0.0856279042629486,High
560,item6R1,1,0.085100553529241,High
560,item6R2,1,-0.0470236658497459,High
560,item7R1,1,0.12038017764688,High
560,item7R2,1,0.104757545519372,High
560,item8R1,1,-0.0569602688762093,High
560,item8R2,0,-0.0525230884173975,High
560,item9R1,1,-0.0158704684806549,High
560,item9R2,1,0.0308779392797358,High
560,item10R1,1,-0.12076116564627,Low
560,item10R2,1,0.00440423091953968,Low
560,item11R1,0,0.0829067860539237,Low
560,item11R2,1,0.170706653565188,Low
560,item12R1,1,0.180711911341586,Low
560,item12R2,0,-0.0591207486643577,Low
560,item13R1,1,0.134243793962103,Low
560,item13R2,1,-0.0356536625573375,Low
560,item14R1,1,0.127302521313136,Low
560,item14R2,1,-0.0981082792393507,Low
560,item15R1,1,0.27937847553811,Low
560,item15R2,1,0.000300206440266752,Low
560,item16R1,1,-0.0799122920206242,Low
560,item16R2,1,-0.0277044454873849,Low
560,item1R1,0,0.0698223301272,Low
560,item1R2,0,0.0504289271554196,Low
560,item2R1,0,0.0670432104467452,Low
560,item2R2,0,-0.120992184396275,Low
560,item3R1,0,-0.182871718758162,Low
560,item3R2,1,0.126899148328068,Low
560,item4R1,0,-0.165804352740617,Low
560,item4R2,1,-0.0175238688125299,Low
560,item5R1,1,-0.00159752833979311,Low
560,item5R2,0,-0.0518975672650911,Low
560,item6R1,1,-0.0832584309721524,Low
560,item6R2,0,-0.115133681280931,Low
560,item7R1,0,0.104953946032138,Low
560,item7R2,1,-0.275968632773687,Low
560,item8R1,1,-0.0654943182651704,Low
560,item8R2,0,-0.15188414264788,Low
560,item9R1,0,0.0274502925500115,Low
560,item9R2,1,-0.0944370804802659,Low
561,item10R1,0,0.0541847301630305,High
561,item10R2,0,-0.200171326571802,High
561,item11R1,0,0.225330909297091,High
561,item11R2,0,-0.124459087853999,High
561,item12R1,0,0.101079033017381,High
561,item12R2,0,-0.12664078863174,High
561,item13R1,0,0.145254603388087,High
561,item13R2,0,-0.0890920111748246,High
561,item14R1,0,0.0621444645828458,High
561,item14R2,0,0.263342288117666,High
561,item15R1,0,0.067804038213198,High
561,item15R2,0,-0.152324758631938,High
561,item16R1,0,-0.0252343574718729,High
561,item16R2,0,-0.0166351646472562,High
561,item1R1,0,0.139291698090642,High
561,item1R2,0,-0.33052425407134,High
561,item2R1,0,-0.0306234601075318,High
561,item2R2,0,-0.0494300250108497,High
561,item3R1,0,-0.139883547790242,High
561,item3R2,0,0.00207376867638131,High
561,item4R1,0,0.00308147668122568,High
561,item4R2,0,0.192628775389592,High
561,item5R1,0,-0.0508746400006587,High
561,item5R2,0,0.117211228733904,High
561,item6R1,0,0.0721510223833798,High
561,item6R2,0,-0.150278338780395,High
561,item7R1,0,-0.031465076695772,High
561,item7R2,0,0.0892252801298826,High
561,item8R1,0,-0.0565623624532689,High
561,item8R2,0,0.0514441659676244,High
561,item9R1,0,-0.134687935975985,High
561,item9R2,0,-0.395039590872559,High
561,item10R1,0,0.0153922360654491,Low
561,item10R2,0,0.113988471788796,Low
561,item11R1,0,-0.0993318788871206,Low
561,item11R2,0,-0.163481600984665,Low
561,item12R1,0,-0.111246911091471,Low
561,item12R2,0,0.0399106295231935,Low
561,item13R1,0,-0.220511978584219,Low
561,item13R2,0,-0.0283811157595507,Low
561,item14R1,0,-0.0854500442409431,Low
561,item14R2,0,-0.080384510624281,Low
561,item15R1,0,0.262462620123978,Low
561,item15R2,0,-0.0933592428593805,Low
561,item16R1,0,0.237127169471055,Low
561,item16R2,0,0.0262092013448621,Low
561,item1R1,0,-0.144903080406634,Low
561,item1R2,0,-0.0439464693662383,Low
561,item2R1,0,0.235903738934646,Low
561,item2R2,0,-0.0834460533880118,Low
561,item3R1,1,-0.0268969326617304,Low
561,item3R2,0,0.0717770110792157,Low
561,item4R1,0,-0.0310711630184178,Low
561,item4R2,1,-0.0564785605135435,Low
561,item5R1,0,0.109179302465466,Low
561,item5R2,0,-0.346080069440313,Low
561,item6R1,0,-0.0522459666284172,Low
561,item6R2,0,0.169802385882649,Low
561,item7R1,0,0.212023566667773,Low
561,item7R2,0,-0.0150175204996916,Low
561,item8R1,0,0.00139459115897362,Low
561,item8R2,0,-0.284883281102937,Low
561,item9R1,0,0.255421243192483,Low
561,item9R2,0,-0.0424288596844431,Low
562,item10R1,0,-0.0821148691142684,High
562,item10R2,1,0.124436992730201,High
562,item11R1,0,-0.112068724613488,High
562,item11R2,0,-0.0440108399618038,High
562,item12R1,1,0.105629362201213,High
562,item12R2,0,-0.0712235632191142,High
562,item13R1,0,-0.0728569486089472,High
562,item13R2,1,0.170631644039522,High
562,item14R1,0,-0.201975066038706,High
562,item14R2,0,-0.0330646009601393,High
562,item15R1,0,-0.0742104540690769,High
562,item15R2,0,0.169755630700776,High
562,item16R1,1,-0.14893601511189,High
562,item16R2,0,-0.238210991129064,High
562,item1R1,1,0.00870736389147082,High
562,item1R2,1,0.160435603376737,High
562,item2R1,0,0.0681987031510188,High
562,item2R2,0,0.0548968924013946,High
562,item3R1,1,-0.0560356632840068,High
562,item3R2,0,0.030468211608928,High
562,item4R1,0,0.0419125831296834,High
562,item4R2,1,-0.0323391735269617,High
562,item5R1,1,0.0347803394328602,High
562,item5R2,1,-0.135514466369133,High
562,item6R1,1,0.021361420793275,High
562,item6R2,0,0.0729956640907775,High
562,item7R1,0,-0.0366334351392731,High
562,item7R2,1,-0.0672025099269682,High
562,item8R1,1,-0.146798746504497,High
562,item8R2,1,0.21152601325064,High
562,item9R1,1,0.0765488067894022,High
562,item9R2,1,0.00263331034833097,High
562,item10R1,0,0.127364947139692,Low
562,item10R2,0,0.247990937820256,Low
562,item11R1,0,-0.0226491749895094,Low
562,item11R2,0,-0.062706252597255,Low
562,item12R1,0,0.00768699889262944,Low
562,item12R2,0,-0.0497657514885643,Low
562,item13R1,0,-0.201940725056653,Low
562,item13R2,0,0.0272907384479225,Low
562,item14R1,1,0.0718891292337734,Low
562,item14R2,0,-0.131341594129408,Low
562,item15R1,0,-0.160831890294038,Low
562,item15R2,0,-0.032514389343913,Low
562,item16R1,1,0.0361956210000391,Low
562,item16R2,0,0.0161564801780635,Low
562,item1R1,0,0.175900272816267,Low
562,item1R2,0,-0.0262075470099122,Low
562,item2R1,1,-0.0918875012544618,Low
562,item2R2,0,-0.102973637344656,Low
562,item3R1,1,0.233018330198828,Low
562,item3R2,1,-0.16834495782233,Low
562,item4R1,1,0.0665498031238913,Low
562,item4R2,0,0.138903886184473,Low
562,item5R1,0,-0.123158971425282,Low
562,item5R2,0,0.0526887474193556,Low
562,item6R1,0,0.149882286829219,Low
562,item6R2,0,0.0375982045878638,Low
562,item7R1,1,-0.0617378647397589,Low
562,item7R2,0,-0.158392018292225,Low
562,item8R1,0,0.0762811638174029,Low
562,item8R2,1,-0.00393908054066545,Low
562,item9R1,0,-0.0784215285678926,Low
562,item9R2,1,0.16453768729104,Low
563,item10R1,1,0.0862356001055356,High
563,item10R2,1,0.0781341514414153,High
563,item11R1,1,0.0729257309026938,High
563,item11R2,0,-0.0940341986721549,High
563,item12R1,1,0.0433184368442974,High
563,item12R2,1,-0.0366514639802368,High
563,item13R1,1,0.0331847918520467,High
563,item13R2,1,-0.0641507283478118,High
563,item14R1,1,0.135782446201932,High
563,item14R2,1,-0.0518302143825142,High
563,item15R1,0,0.274858238107251,High
563,item15R2,1,-0.00959891648866328,High
563,item16R1,0,-0.00520681522681085,High
563,item16R2,0,-0.0300551106492081,High
563,item1R1,0,-0.163727917184202,High
563,item1R2,1,-0.124580132604804,High
563,item2R1,0,0.0505284521607929,High
563,item2R2,1,0.139105059418098,High
563,item3R1,1,0.0996267516190341,High
563,item3R2,1,-0.158738974527356,High
563,item4R1,0,0.251742094682421,High
563,item4R2,1,-9.49006014726761e-06,High
563,item5R1,0,0.0884637471995507,High
563,item5R2,0,-0.278563912055045,High
563,item6R1,0,-0.105241026610169,High
563,item6R2,1,-0.0819046039352123,High
563,item7R1,0,-0.0935168112115206,High
563,item7R2,1,-0.00897756152513019,High
563,item8R1,1,-0.00519127425732404,High
563,item8R2,1,0.160909643237831,High
563,item9R1,1,0.108468523032229,High
563,item9R2,1,-0.100703184492697,High
563,item10R1,1,0.0882291842330964,Low
563,item10R2,0,-0.0194131122305287,Low
563,item11R1,0,-0.0896546839595691,Low
563,item11R2,0,-0.241084647267161,Low
563,item12R1,0,0.155167211423062,Low
563,item12R2,1,-0.117201413726145,Low
563,item13R1,0,0.153959478740535,Low
563,item13R2,0,0.0485069071613592,Low
563,item14R1,1,0.0698304367660202,Low
563,item14R2,1,0.0282107894617179,Low
563,item15R1,0,-0.0387473728543456,Low
563,item15R2,1,0.178259458443381,Low
563,item16R1,0,-0.0889196161658059,Low
563,item16R2,1,-0.0755242771713933,Low
563,item1R1,0,0.0432327803270155,Low
563,item1R2,0,-0.32726596028403,Low
563,item2R1,0,-0.0672027393266791,Low
563,item2R2,1,0.0931329238085574,Low
563,item3R1,0,-0.0546989440758341,Low
563,item3R2,0,-0.244872627173267,Low
563,item4R1,0,-0.118013111509799,Low
563,item4R2,1,-0.060766117046259,Low
563,item5R1,1,0.148302905085282,Low
563,item5R2,0,-0.0819745551339163,Low
563,item6R1,1,-0.00464214517178445,Low
563,item6R2,0,0.159702621978834,Low
563,item7R1,1,0.00514129244945602,Low
563,item7R2,1,0.0761477953597833,Low
563,item8R1,0,-0.103067684545963,Low
563,item8R2,1,-0.105064565964775,Low
563,item9R1,1,0.0218051025582457,Low
563,item9R2,0,-0.00756576623395095,Low
566,item10R1,0,-0.0968845306863989,High
566,item10R2,0,-0.0130707092607243,High
566,item11R1,1,0.103820788057284,High
566,item11R2,1,-0.104798431072942,High
566,item12R1,1,0.0219657644248496,High
566,item12R2,0,0.0177172039573458,High
566,item13R1,1,-0.107916918312447,High
566,item13R2,1,0.0270351687411839,High
566,item14R1,1,0.100371835081001,High
566,item14R2,0,0.104425556376875,High
566,item15R1,1,0.0599277684979229,High
566,item15R2,1,0.00206851055663611,High
566,item16R1,1,0.0769831538111029,High
566,item16R2,1,0.0361788702590625,High
566,item1R1,1,-0.000680684436168044,High
566,item1R2,1,-0.160702367403662,High
566,item2R1,1,-0.166970446457674,High
566,item2R2,1,-0.0118736920249082,High
566,item3R1,1,-0.287713004054317,High
566,item3R2,1,-0.0366569238303145,High
566,item4R1,1,0.167280937316643,High
566,item4R2,0,-0.0760082629013608,High
566,item5R1,0,-0.0483783803586758,High
566,item5R2,1,-0.186513166902247,High
566,item6R1,1,-0.137986565184788,High
566,item6R2,0,0.212449679066803,High
566,item7R1,1,-0.0864008312382572,High
566,item7R2,1,-0.0164908508792062,High
566,item8R1,1,0.0218838726060504,High
566,item8R2,0,-0.0238844331914362,High
566,item9R1,1,-0.10893955608503,High
566,item9R2,1,-0.00820615021906072,High
566,item10R1,1,-0.0257958161391649,Low
566,item10R2,1,-0.0612855945136823,Low
566,item11R1,1,-0.0178643234554116,Low
566,item11R2,1,-0.0102225680182298,Low
566,item12R1,1,-0.0415884410581382,Low
566,item12R2,1,-0.00120815011412603,Low
566,item13R1,1,-0.0928603777059903,Low
566,item13R2,1,-0.0800083549037616,Low
566,item14R1,1,0.116517657763779,Low
566,item14R2,0,0.0671693849135251,Low
566,item15R1,1,0.0928183575232858,Low
566,item15R2,0,0.187972947199864,Low
566,item16R1,1,0.169085510281026,Low
566,item16R2,1,-0.0832631982278132,Low
566,item1R1,1,-0.047629200686879,Low
566,item1R2,0,-0.0478894258207538,Low
566,item2R1,1,-0.0468694024410556,Low
566,item2R2,1,-0.0709960933568305,Low
566,item3R1,0,0.123084136484858,Low
566,item3R2,0,0.0366965955725749,Low
566,item4R1,1,0.0333172332843037,Low
566,item4R2,1,0.174315539434119,Low
566,item5R1,1,-0.000648260755995813,Low
566,item5R2,0,-0.0100653624835848,Low
566,item6R1,0,0.0583826410426456,Low
566,item6R2,1,-0.0082664148849684,Low
566,item7R1,1,0.076345469433453,Low
566,item7R2,1,0.192265049778193,Low
566,item8R1,0,0.157390447702772,Low
566,item8R2,0,-0.146528832099006,Low
566,item9R1,1,0.00569754711257875,Low
566,item9R2,1,-0.00789752137639021,Low
570,item10R1,1,0.142939625420819,High
570,item11R1,0,0.022880310055534,High
570,item12R1,1,-0.133763658337076,High
570,item13R1,0,0.207682032531911,High
570,item14R1,1,-0.017548546428161,High
570,item15R1,0,0.0691837121215467,High
570,item16R1,0,0.0403623448244235,High
570,item1R1,0,-0.155305601455688,High
570,item2R1,0,0.0265943796322436,High
570,item3R1,0,0.0217372782342784,High
570,item4R1,0,0.221603792658246,High
570,item5R1,0,-0.182023715296764,High
570,item6R1,0,0.0494325615867988,High
570,item7R1,1,-0.068820324733045,High
570,item8R1,1,-0.0164546894086725,High
570,item9R1,1,-0.142752130031294,High
570,item10R1,0,0.163082306221307,Low
570,item11R1,0,-0.0276187661359138,Low
570,item12R1,0,0.0117877152291058,Low
570,item13R1,0,-0.0212807175187895,Low
570,item14R1,1,-0.205624411998247,Low
570,item15R1,1,-0.00618776580569137,Low
570,item16R1,1,-0.0242057340760372,Low
570,item1R1,1,-0.0401844840836881,Low
570,item2R1,0,-0.112613781954589,Low
570,item3R1,1,-0.0544249561912464,Low
570,item4R1,1,0.0492610019452462,Low
570,item5R1,1,-0.114706516645999,Low
570,item6R1,0,-0.170801532095055,Low
570,item7R1,1,0.127024769459862,Low
570,item8R1,1,-0.052478297050912,Low
570,item9R1,1,-0.222783741716777,Low
573,item10R1,0,-0.163950991590325,High
573,item11R1,0,-0.0138507794796518,High
573,item12R1,1,-0.000575547067773326,High
573,item13R1,0,-0.0144280144095867,High
573,item14R1,1,0.0507445851822058,High
573,item15R1,0,-0.188010835178485,High
573,item16R1,1,0.0663059018625655,High
573,item1R1,1,-0.26568325655034,High
573,item2R1,0,-0.00593825324535832,High
573,item3R1,1,-0.0627123922604141,High
573,item4R1,0,0.125002431307158,High
573,item5R1,0,-0.16818367646132,High
573,item6R1,1,-0.109612392204458,High
573,item7R1,1,0.0337224337856075,High
573,item8R1,0,0.152237915202386,High
573,item9R1,0,-0.0160224378326795,High
573,item10R1,1,-0.205638792129243,Low
573,item11R1,0,-0.0647111149176938,Low
573,item12R1,1,-0.14819295965165,Low
573,item13R1,0,0.024386019419648,Low
573,item14R1,1,-0.032704206816711,Low
573,item15R1,0,0.0100767034762068,Low
573,item16R1,0,-0.207427600378027,Low
573,item1R1,0,0.0730251607869081,Low
573,item2R1,0,0.0409659740895828,Low
573,item3R1,1,0.00427721783448725,Low
573,item4R1,1,-0.305402852106708,Low
573,item5R1,0,-0.0867088921105838,Low
573,item6R1,1,-0.0127955756060756,Low
573,item7R1,0,0.0308824846916458,Low
573,item8R1,0,0.139415900569714,Low
573,item9R1,0,0.265018129675891,Low
574,item10R1,1,0.0339347753771798,High
574,item10R2,1,0.0101652501116597,High
574,item11R1,1,0.0505425895922191,High
574,item11R2,1,-0.0328573078441342,High
574,item12R1,1,0.142766875409625,High
574,item12R2,1,0.13026938439358,High
574,item13R1,0,-0.0711116213905022,High
574,item13R2,0,0.0538207579880307,High
574,item14R1,0,-0.150570162344677,High
574,item14R2,1,-0.101393574105164,High
574,item15R1,1,-0.069723984451088,High
574,item15R2,1,-0.00717652074015751,High
574,item16R1,1,-0.0647744022802176,High
574,item16R2,0,0.136642056848614,High
574,item1R1,0,-0.0500645556034247,High
574,item1R2,1,0.0404056261138165,High
574,item2R1,1,-0.143795547281788,High
574,item2R2,1,-0.02045798322977,High
574,item3R1,1,0.0511791140143266,High
574,item3R2,1,-0.228192889403986,High
574,item4R1,1,0.0165729211852628,High
574,item4R2,1,-0.0399455159692274,High
574,item5R1,1,0.0376212373087282,High
574,item5R2,1,0.0244004742249038,High
574,item6R1,0,-0.187013123564245,High
574,item6R2,0,-0.0484538948029299,High
574,item7R1,1,-0.243196935735617,High
574,item7R2,1,0.150047408100638,High
574,item8R1,1,0.0840068838400858,High
574,item8R2,1,0.0489156993677916,High
574,item9R1,0,0.218804486656555,High
574,item9R2,1,-0.0266952824367751,High
574,item10R1,1,0.000405007510178819,Low
574,item10R2,0,-0.162881145278124,Low
574,item11R1,0,0.223716400054923,Low
574,item11R2,1,-0.133283353758904,Low
574,item12R1,1,0.0366406070264809,Low
574,item12R2,1,0.042751336390674,Low
574,item13R1,1,0.0105231019685953,Low
574,item13R2,0,-0.155319478782929,Low
574,item14R1,1,0.136676969354252,Low
574,item14R2,1,-0.122144595333169,Low
574,item15R1,1,0.0312138583395631,Low
574,item15R2,0,-0.224506926443901,Low
574,item16R1,1,-0.0314951516761019,Low
574,item16R2,1,-0.198944561075244,Low
574,item1R1,0,-0.0957206682429198,Low
574,item1R2,0,-0.138224513839446,Low
574,item2R1,1,0.019466074779459,Low
574,item2R2,1,-0.153042925142179,Low
574,item3R1,1,-0.0139730952502336,Low
574,item3R2,0,-0.121911916650792,Low
574,item4R1,1,-0.11555329601162,Low
574,item4R2,0,0.134822398191159,Low
574,item5R1,0,0.1270193930491,Low
574,item5R2,1,-0.129236612292946,Low
574,item6R1,1,0.122054387298041,Low
574,item6R2,1,-0.0937233846610684,Low
574,item7R1,1,-0.0216574848863466,Low
574,item7R2,0,-0.0866145159823618,Low
574,item8R1,0,0.1591243506873,Low
574,item8R2,1,0.00788475095070553,Low
574,item9R1,0,-0.234942459227162,Low
574,item9R2,1,-0.164418248180965,Low
576,item10R1,0,-0.052911501060343,High
576,item10R2,1,0.0984227700899378,High
576,item11R1,1,-0.183598143521265,High
576,item11R2,0,0.0800332084775336,High
576,item12R1,1,0.0690218667331341,High
576,item12R2,0,0.0777749436289933,High
576,item13R1,0,-0.12294436245028,High
576,item13R2,0,0.282195790124699,High
576,item14R1,0,0.049530281330563,High
576,item14R2,0,0.0996078037539141,High
576,item15R1,1,-0.0349344115596006,High
576,item15R2,0,-0.106683849286674,High
576,item16R1,0,-0.0445268473672315,High
576,item16R2,1,-0.0251272296163081,High
576,item1R1,1,-0.0514947175613843,High
576,item1R2,1,0.027217283396486,High
576,item2R1,1,-0.0225476488372329,High
576,item2R2,0,-0.0255188282712115,High
576,item3R1,1,-0.0135685985313895,High
576,item3R2,0,0.0873084229566325,High
576,item4R1,0,0.131885003350646,High
576,item4R2,0,-0.00801964313715856,High
576,item5R1,1,-0.0415930904157533,High
576,item5R2,1,0.0747198829562979,High
576,item6R1,0,-0.0599109621081122,High
576,item6R2,1,0.169651164169733,High
576,item7R1,1,0.130917886479213,High
576,item7R2,1,0.244317709059516,High
576,item8R1,1,0.154244761626978,High
576,item8R2,1,0.0775806866731833,High
576,item9R1,0,-0.0660884853433281,High
576,item9R2,0,-0.157490741845525,High
576,item10R1,1,-0.0289792739562586,Low
576,item10R2,0,0.230639445790967,Low
576,item11R1,0,-0.00897835444932563,Low
576,item11R2,1,0.091141101711985,Low
576,item12R1,0,-0.0755291969535941,Low
576,item12R2,1,0.0399197596760862,Low
576,item13R1,1,-0.0140220272448851,Low
576,item13R2,1,0.00506264157366173,Low
576,item14R1,0,-0.0900555417270796,Low
576,item14R2,0,-0.0971758710555134,Low
576,item15R1,1,-0.0399974371162355,Low
576,item15R2,0,-0.117725927722776,Low
576,item16R1,1,-0.0881995733769659,Low
576,item16R2,1,-0.293210451633074,Low
576,item1R1,1,0.263649103094558,Low
576,item1R2,1,-0.0999771613758948,Low
576,item2R1,1,0.0939313383365749,Low
576,item2R2,1,0.209915582894218,Low
576,item3R1,0,0.116541750077086,Low
576,item3R2,0,0.0620638692187071,Low
576,item4R1,0,0.0785005151407996,Low
576,item4R2,0,0.0617809300605056,Low
576,item5R1,1,0.187446049859104,Low
576,item5R2,0,0.0755303717151702,Low
576,item6R1,1,-0.0322819169074376,Low
576,item6R2,1,0.105022319104989,Low
576,item7R1,1,-0.243981418371483,Low
576,item7R2,1,0.0281078101528362,Low
576,item8R1,0,-0.0101359060894672,Low
576,item8R2,0,-0.0167302998019154,Low
576,item9R1,0,0.0918421976893849,Low
576,item9R2,0,-0.0625696204338517,Low
577,item10R1,1,-0.169792614615732,High
577,item10R2,0,0.0982142032580799,High
577,item11R1,1,-0.103287647300074,High
577,item11R2,0,-0.0764459916074584,High
577,item12R1,1,0.0964382193792312,High
577,item12R2,1,0.0160850207609369,High
577,item13R1,0,-0.150101121941803,High
577,item13R2,1,0.134649981669724,High
577,item14R1,0,-0.130681125755036,High
577,item14R2,0,0.121563873117675,High
577,item15R1,1,-0.0403039007533144,High
577,item15R2,0,0.0208367775434132,High
577,item16R1,1,0.171981605225963,High
577,item16R2,1,-0.144873649608147,High
577,item1R1,1,-0.18583790362547,High
577,item1R2,1,0.129419766920532,High
577,item2R1,0,-0.0307588591218991,High
577,item2R2,1,-0.160205367685212,High
577,item3R1,0,0.0625554501921434,High
577,item3R2,1,0.0272093381417037,High
577,item4R1,1,-0.0827036974436292,High
577,item4R2,0,-0.127959631807544,High
577,item5R1,1,0.13975056378449,High
577,item5R2,0,0.00581082260282699,High
577,item6R1,0,-0.116627532710715,High
577,item6R2,1,-0.138046131554462,High
577,item7R1,1,-0.146101713053573,High
577,item7R2,0,0.0710030862180386,High
577,item8R1,1,-0.136876927216176,High
577,item8R2,1,0.100306389824365,High
577,item9R1,1,-0.0422307209830885,High
577,item9R2,1,-0.217594695291141,High
577,item10R1,0,0.0258785292707641,Low
577,item10R2,0,-0.00144623080751559,Low
577,item11R1,1,-0.0948537560528437,Low
577,item11R2,0,-0.143348114566581,Low
577,item12R1,1,-0.0795528228959875,Low
577,item12R2,1,-0.0149039885488737,Low
577,item13R1,1,0.177960991235116,Low
577,item13R2,0,0.0928434313156171,Low
577,item14R1,1,0.115365585022773,Low
577,item14R2,1,0.0385857072469554,Low
577,item15R1,0,-0.0414000020158694,Low
577,item15R2,1,0.213869261458236,Low
577,item16R1,1,-0.336233999826367,Low
577,item16R2,1,-0.121829266298512,Low
577,item1R1,1,-0.0225232718858136,Low
577,item1R2,0,-0.00459852965381858,Low
577,item2R1,1,-0.0764074625849314,Low
577,item2R2,1,-0.0889806772300611,Low
577,item3R1,1,-0.153219733395575,Low
577,item3R2,1,-0.0259136261922139,Low
577,item4R1,1,-0.0333226147270333,Low
577,item4R2,1,-0.00791852738723158,Low
577,item5R1,1,-0.0538951971303202,Low
577,item5R2,1,-0.0335064121123022,Low
577,item6R1,1,-0.0279725370760997,Low
577,item6R2,1,-0.0148258631078723,Low
577,item7R1,1,-0.262996522903463,Low
577,item7R2,1,0.17642145406194,Low
577,item8R1,1,0.0870328291898507,Low
577,item8R2,1,-0.000525459512466447,Low
577,item9R1,0,-0.120098094415529,Low
577,item9R2,1,-0.117733860191146,Low
581,item10R1,1,-0.0757696879325666,High
581,item11R1,0,0.173630535883816,High
581,item12R1,1,0.0614835051986123,High
581,item13R1,1,0.0590579064957267,High
581,item14R1,1,0.192088881423256,High
581,item15R1,1,-0.0630137811545979,High
581,item16R1,0,-0.0276174529652045,High
581,item1R1,1,0.0214907194086711,High
581,item2R1,1,0.0231377021098457,High
581,item3R1,1,0.0702580114140933,High
581,item4R1,1,0.0237134947548046,High
581,item5R1,1,-0.0782459511602504,High
581,item6R1,1,-0.0698600655296485,High
581,item7R1,1,-0.136402565701893,High
581,item8R1,1,-0.0333384127338582,High
581,item9R1,0,-0.232593639602493,High
581,item10R1,1,0.234588524689219,Low
581,item11R1,1,-0.0519655477794669,Low
581,item12R1,1,0.0416517008373979,Low
581,item13R1,0,0.120059427450737,Low
581,item14R1,1,-0.119035558289412,Low
581,item15R1,1,-0.0696269516044768,Low
581,item16R1,1,-0.0150900211943743,Low
581,item1R1,1,-0.125820905627483,Low
581,item2R1,0,0.0978623656398194,Low
581,item3R1,1,0.0639122657721495,Low
581,item4R1,1,-0.00085781628718546,Low
581,item5R1,1,0.0382375087648675,Low
581,item6R1,1,0.0967278669852633,Low
581,item7R1,1,-0.0431592941466054,Low
581,item8R1,1,0.121520567638044,Low
581,item9R1,1,0.0887915632676273,Low
582,item10R1,0,-0.076600863401617,High
582,item10R2,0,0.133501752104829,High
582,item11R1,0,0.0864737208990263,High
582,item11R2,0,-0.0995521062764367,High
582,item12R1,1,-0.0751093791893015,High
582,item12R2,1,-0.149054684270087,High
582,item13R1,0,0.126427565316303,High
582,item13R2,0,0.0362586065408378,High
582,item14R1,1,0.12362017720325,High
582,item14R2,1,0.0465703166294533,High
582,item15R1,0,-0.141088892634117,High
582,item15R2,1,0.155057414495977,High
582,item16R1,0,0.245301596742958,High
582,item16R2,1,0.182547574844309,High
582,item1R1,0,-0.217592384392393,High
582,item1R2,1,-0.306828129160115,High
582,item2R1,1,0.12074570859477,High
582,item2R2,1,-0.0763156993745115,High
582,item3R1,0,-0.216026057779209,High
582,item3R2,0,0.181327637972315,High
582,item4R1,1,0.0539189076773991,High
582,item4R2,0,0.0617821624828899,High
582,item5R1,1,0.00519534638440465,High
582,item5R2,1,-0.165614953148535,High
582,item6R1,0,0.0085735840374181,High
582,item6R2,0,-0.0271414461268047,High
582,item7R1,1,-0.042416124705297,High
582,item7R2,0,-0.0910465166481308,High
582,item8R1,0,0.0369454171235871,High
582,item8R2,1,-0.172630808509136,High
582,item9R1,0,0.0356120429675448,High
582,item9R2,0,-0.112039796656623,High
582,item10R1,0,0.121613089514897,Low
582,item10R2,0,-0.100552001243876,Low
582,item11R1,0,0.0123891367580453,Low
582,item11R2,0,-0.0111189488011984,Low
582,item12R1,0,0.0124392124827279,Low
582,item12R2,0,-0.169289506509219,Low
582,item13R1,1,0.00189070401825576,Low
582,item13R2,0,-0.0115078557976827,Low
582,item14R1,0,-0.0511006873985038,Low
582,item14R2,1,0.0829741900925745,Low
582,item15R1,0,0.0445441219263887,Low
582,item15R2,0,-0.193734489753131,Low
582,item16R1,0,-0.00688599050103465,Low
582,item16R2,0,0.0103859760468685,Low
582,item1R1,0,0.0613668514124782,Low
582,item1R2,0,-0.0140982033855578,Low
582,item2R1,0,-0.106802202828504,Low
582,item2R2,1,0.103788706973659,Low
582,item3R1,1,0.0670658771986744,Low
582,item3R2,0,0.0301889589679429,Low
582,item4R1,1,-0.0171209883116466,Low
582,item4R2,0,0.0271703453102382,Low
582,item5R1,0,-0.0975367972030619,Low
582,item5R2,0,0.0374774007885457,Low
582,item6R1,1,-0.244274541610307,Low
582,item6R2,0,0.130370483622424,Low
582,item7R1,1,0.0598245091769977,Low
582,item7R2,1,0.194793107688804,Low
582,item8R1,1,0.188777773325376,Low
582,item8R2,0,-0.0896600757450915,Low
582,item9R1,0,-0.0405221019541692,Low
582,item9R2,0,0.0209706644164772,Low
584,item10R1,1,0.178338352890235,High
584,item10R2,1,0.0204472633918171,High
584,item11R1,1,-0.0855638266118043,High
584,item11R2,1,0.0231810601292465,High
584,item12R1,0,-0.00394415942815998,High
584,item12R2,1,0.0349818881890669,High
584,item13R1,0,0.0518126288113771,High
584,item13R2,0,-0.0980454128119254,High
584,item14R1,1,-0.111842945952626,High
584,item14R2,0,0.164712575028,High
584,item15R1,0,0.124017455439434,High
584,item15R2,1,-0.0149826063599472,High
584,item16R1,0,-0.12311731726542,High
584,item16R2,0,0.153060830821266,High
584,item1R1,1,-0.0772818433193833,High
584,item1R2,0,0.0269453364472628,High
584,item2R1,0,-0.0456017094013143,High
584,item2R2,1,0.146777510066709,High
584,item3R1,0,-0.0125246934909134,High
584,item3R2,0,0.0206807600388728,High
584,item4R1,1,0.118274336748169,High
584,item4R2,1,0.121536840350355,High
584,item5R1,1,-0.103201310831815,High
584,item5R2,0,-0.0130083240746855,High
584,item6R1,1,0.0849000103437121,High
584,item6R2,1,0.0397991739998118,High
584,item7R1,0,-0.180637263098526,High
584,item7R2,1,-0.0702674541411157,High
584,item8R1,0,0.243966880998644,High
584,item8R2,1,-0.0869655840139418,High
584,item9R1,0,0.0862228544224662,High
584,item9R2,1,-0.218168189620842,High
584,item10R1,0,-0.0102929117596665,Low
584,item10R2,0,-0.00359834465405274,Low
584,item11R1,0,0.149743158710814,Low
584,item11R2,1,-0.197878828510735,Low
584,item12R1,0,0.0580976089684924,Low
584,item12R2,1,-0.0568756320348032,Low
584,item13R1,0,-0.12705519334087,Low
584,item13R2,1,-0.0743433733161676,Low
584,item14R1,1,0.034824333307079,Low
584,item14R2,0,-0.0109322666441174,Low
584,item15R1,0,-0.206499369504548,Low
584,item15R2,0,0.131825222345012,Low
584,item16R1,1,-0.0102710725478853,Low
584,item16R2,0,0.10070711947061,Low
584,item1R1,0,-0.121578292203511,Low
584,item1R2,0,0.0159851935013204,Low
584,item2R1,1,-0.0226381868848626,Low
584,item2R2,1,-0.171479595459096,Low
584,item3R1,0,0.0483427010255905,Low
584,item3R2,0,-0.0258865937520057,Low
584,item4R1,0,0.291856720031781,Low
584,item4R2,1,0.0628834718425985,Low
584,item5R1,0,-0.0802887033251079,Low
584,item5R2,0,-0.115583232338318,Low
584,item6R1,1,0.0448645159674498,Low
584,item6R2,0,0.134029435736732,Low
584,item7R1,1,0.109112505869454,Low
584,item7R2,0,-0.103384541522109,Low
584,item8R1,1,-0.0205484197232857,Low
584,item8R2,0,0.0520840201494742,Low
584,item9R1,1,-0.147494638119055,Low
584,item9R2,0,0.0515755973764192,Low
586,item10R1,0,-0.0330904826591159,High
586,item10R2,1,0.0708502719694103,High
586,item11R1,0,-0.178147244501502,High
586,item11R2,1,-0.120032868598562,High
586,item12R1,0,0.202316773928678,High
586,item12R2,1,-0.0404707075276887,High
586,item13R1,1,-0.0783278872340903,High
586,item13R2,1,0.10065577251708,High
586,item14R1,1,-0.0593851469472644,High
586,item14R2,1,-0.143726633482663,High
586,item15R1,1,-0.00179653198159989,High
586,item15R2,1,0.0393798472338947,High
586,item16R1,0,-0.116365866607075,High
586,item16R2,0,0.0508323799936468,High
586,item1R1,0,-0.137173090671637,High
586,item1R2,1,-0.153447707617012,High
586,item2R1,0,0.00773915027008953,High
586,item2R2,1,-0.0436142471108268,High
586,item3R1,1,0.0174106140021733,High
586,item3R2,1,0.0363231226285652,High
586,item4R1,0,0.0575910091029525,High
586,item4R2,1,0.0407857615505029,High
586,item5R1,0,-0.0222524954187022,High
586,item5R2,0,-0.10385790506792,High
586,item6R1,0,-0.133624696793238,High
586,item6R2,0,0.0550144470467642,High
586,item7R1,0,-0.00597726855850739,High
586,item7R2,1,0.133336357946146,High
586,item8R1,0,0.0664681388795984,High
586,item8R2,1,-0.339019767806552,High
586,item9R1,1,-0.108233120592477,High
586,item9R2,1,0.182128624243622,High
586,item10R1,0,0.116706188488935,Low
586,item10R2,0,-0.184430326893934,Low
586,item11R1,0,-0.0376610898082773,Low
586,item11R2,1,0.0191642805162655,Low
586,item12R1,0,0.230891771115191,Low
586,item12R2,1,-0.113404107251201,Low
586,item13R1,1,-0.0449629136623035,Low
586,item13R2,1,0.0469998099939494,Low
586,item14R1,1,0.264118737754603,Low
586,item14R2,1,-0.0125876565741996,Low
586,item15R1,0,-0.13607981366554,Low
586,item15R2,0,-0.0140559857433611,Low
586,item16R1,1,0.218744015244446,Low
586,item16R2,1,-0.228910802777403,Low
586,item1R1,0,0.172091292282412,Low
586,item1R2,0,-0.0151623492230428,Low
586,item2R1,0,0.0649287006233488,Low
586,item2R2,0,0.0799233761535134,Low
586,item3R1,0,0.169317908012992,Low
586,item3R2,0,-0.0108326251343174,Low
586,item4R1,0,0.013079378392908,Low
586,item4R2,0,0.0604809535158202,Low
586,item5R1,1,0.151813969913514,Low
586,item5R2,1,0.012689741928952,Low
586,item6R1,1,-0.0441971916553938,Low
586,item6R2,1,0.043710104376677,Low
586,item7R1,1,-0.0232220741818765,Low
586,item7R2,1,0.0693756755373739,Low
586,item8R1,0,-0.0204824064795155,Low
586,item8R2,1,0.073028530893817,Low
586,item9R1,1,0.000327767810953874,Low
586,item9R2,1,0.114086373177495,Low
587,item10R1,1,0.044408547525414,High
587,item10R2,1,-0.0795274757448074,High
587,item11R1,1,0.0921664529329905,High
587,item11R2,1,0.135989697080594,High
587,item12R1,1,0.130732888393473,High
587,item12R2,1,-0.0106809142812956,High
587,item13R1,0,0.0217548523072423,High
587,item13R2,1,-0.0519284147541174,High
587,item14R1,1,-0.0673184842858346,High
587,item14R2,1,0.172534172732344,High
587,item15R1,1,0.0746213839569921,High
587,item15R2,1,0.0247700111990256,High
587,item16R1,1,0.121444727088097,High
587,item16R2,1,-0.0132916050927027,High
587,item1R1,1,-0.136976357643442,High
587,item1R2,1,-0.134601080675743,High
587,item2R1,1,0.016903868256195,High
587,item2R2,1,-0.00838738237755351,High
587,item3R1,1,-0.00212042154661285,High
587,item3R2,1,0.147113011262179,High
587,item4R1,1,0.0273319982782747,High
587,item4R2,1,0.141054274949662,High
587,item5R1,0,-0.0018623438094818,High
587,item5R2,1,0.216169973429087,High
587,item6R1,0,0.0481494264676803,High
587,item6R2,1,0.0180508894831318,High
587,item7R1,1,0.100588170052037,High
587,item7R2,0,0.167693808203852,High
587,item8R1,1,0.029757786084832,High
587,item8R2,1,0.192176614579406,High
587,item9R1,1,-0.0749509996962249,High
587,item9R2,1,0.0954794745077585,High
587,item10R1,1,-0.0432824264409909,Low
587,item10R2,1,0.0298246390024229,Low
587,item11R1,1,-0.227333760531846,Low
587,item11R2,1,-0.00828096730010239,Low
587,item12R1,0,0.120272599167959,Low
587,item12R2,1,-0.103018675441703,Low
587,item13R1,0,0.00586767027843244,Low
587,item13R2,0,0.0719868452134934,Low
587,item14R1,0,0.0727283656790751,Low
587,item14R2,1,0.277433834312055,Low
587,item15R1,0,0.08795884147128,Low
587,item15R2,1,-0.093385175051911,Low
587,item16R1,0,0.0804859162317637,Low
587,item16R2,1,0.00689935204248984,Low
587,item1R1,0,-0.0772390608116902,Low
587,item1R2,0,-0.0139072687771787,Low
587,item2R1,0,-0.10134287692252,Low
587,item2R2,0,0.276926944101206,Low
587,item3R1,0,-0.122036970737318,Low
587,item3R2,0,-0.053814241590408,Low
587,item4R1,0,-0.366636661716912,Low
587,item4R2,1,-0.0209189833581251,Low
587,item5R1,0,0.0802110964189997,Low
587,item5R2,1,0.0887560986988862,Low
587,item6R1,1,0.0224879210241226,Low
587,item6R2,0,0.00578789748134577,Low
587,item7R1,1,0.184165989159456,Low
587,item7R2,1,0.0759205393389529,Low
587,item8R1,0,0.0856918605831013,Low
587,item8R2,0,0.0851621028550469,Low
587,item9R1,1,-0.00260967894765409,Low
587,item9R2,1,0.0830192557547413,Low
588,item10R1,1,0.158191420110403,High
588,item10R2,1,-0.0258038956955208,High
588,item11R1,0,-0.00751819921048492,High
588,item11R2,0,0.200208445980146,High
588,item12R1,1,-0.0186753861112072,High
588,item12R2,1,-0.0479000206483662,High
588,item13R1,0,-0.0541067639426793,High
588,item13R2,1,-0.0194288818615061,High
588,item14R1,1,0.0545469704165692,High
588,item14R2,0,0.189356905228727,High
588,item15R1,1,0.0206786176548359,High
588,item15R2,1,0.0574869948553399,High
588,item16R1,1,0.0628783475231368,High
588,item16R2,0,0.11765451427417,High
588,item1R1,0,-0.03103522752961,High
588,item1R2,1,-0.109688859295204,High
588,item2R1,0,0.0137548378519213,High
588,item2R2,0,-0.0322471717479081,High
588,item3R1,1,0.338857797016055,High
588,item3R2,1,-0.189052255175771,High
588,item4R1,1,0.137190992491336,High
588,item4R2,0,-0.0570435382626689,High
588,item5R1,0,0.0529259761453571,High
588,item5R2,1,0.0793649416000644,High
588,item6R1,0,-0.0303687525585722,High
588,item6R2,1,-0.0499449268223746,High
588,item7R1,1,0.0486771486551812,High
588,item7R2,1,0.0303014684405091,High
588,item8R1,1,-0.058276176020546,High
588,item8R2,0,-0.104253287303146,High
588,item9R1,1,0.127897400767443,High
588,item9R2,1,0.019094561712808,High
588,item10R1,1,-0.0541355429894467,Low
588,item10R2,1,-0.0105800697268873,Low
588,item11R1,1,0.0366769798679787,Low
588,item11R2,1,-0.196016126404808,Low
588,item12R1,1,0.0275238373361706,Low
588,item12R2,1,0.0731430894687306,Low
588,item13R1,1,0.0813199476241582,Low
588,item13R2,1,-0.115628163159859,Low
588,item14R1,1,0.101515628351354,Low
588,item14R2,0,-0.0435335129735595,Low
588,item15R1,1,-0.0987043596645172,Low
588,item15R2,1,0.182355546164469,Low
588,item16R1,1,0.0168774522497038,Low
588,item16R2,1,-0.0913937358602502,Low
588,item1R1,1,0.0161986710170233,Low
588,item1R2,1,0.0731256358415849,Low
588,item2R1,0,-0.123098728803413,Low
588,item2R2,0,0.0946535336498186,Low
588,item3R1,0,0.00891044754851934,Low
588,item3R2,1,0.0494629414583504,Low
588,item4R1,0,-0.00842362550647642,Low
588,item4R2,0,0.0137514558931,Low
588,item5R1,1,-0.000757021274033179,Low
588,item5R2,0,-0.270877107848661,Low
588,item6R1,0,-0.00660873091050713,Low
588,item6R2,0,-0.175915275234899,Low
588,item7R1,0,-0.0979828737935109,Low
588,item7R2,0,-0.133902104144401,Low
588,item8R1,1,0.116433171228827,Low
588,item8R2,0,-0.0102615622122257,Low
588,item9R1,0,-0.0162676297907912,Low
588,item9R2,1,0.0463720643843287,Low
591,item10R1,0,0.0149285370719711,High
591,item10R2,0,0.128230230566893,High
591,item11R1,0,-0.0527821132190508,High
591,item11R2,0,-0.103402796126982,High
591,item12R1,0,-0.139362194641909,High
591,item12R2,1,0.16346284806017,High
591,item13R1,0,-0.0410424265662645,High
591,item13R2,0,0.0176174865489822,High
591,item14R1,0,0.0646007863243764,High
591,item14R2,0,0.0880983082421796,High
591,item15R1,0,0.0684750336382175,High
591,item15R2,1,-0.301042226205754,High
591,item16R1,0,-0.229205294104632,High
591,item16R2,0,0.058221068655459,High
591,item1R1,0,0.012126328205207,High
591,item1R2,0,-0.193435052449928,High
591,item2R1,0,0.0791409841675829,High
591,item2R2,0,-0.229703919363387,High
591,item3R1,0,0.109628166280541,High
591,item3R2,0,-0.2219410211156,High
591,item4R1,0,-0.140422972209803,High
591,item4R2,0,0.165800809337972,High
591,item5R1,0,0.0512380649391733,High
591,item5R2,0,0.0438054218663683,High
591,item6R1,0,0.00140131898194519,High
591,item6R2,0,-0.214115320961901,High
591,item7R1,1,-0.116963553448404,High
591,item7R2,0,-0.103218286636342,High
591,item8R1,0,0.206586701189693,High
591,item8R2,0,0.177829545437531,High
591,item9R1,0,-0.0702725128331499,High
591,item9R2,0,0.0443989241819573,High
591,item10R1,0,-0.129021960628629,Low
591,item10R2,0,0.0501763446669919,Low
591,item11R1,0,0.187129142060696,Low
591,item11R2,1,0.00500990186569635,Low
591,item12R1,1,0.122018935138659,Low
591,item12R2,0,0.129800484497221,Low
591,item13R1,0,0.133075116336586,Low
591,item13R2,0,0.00287986645085097,Low
591,item14R1,1,0.0254310237777762,Low
591,item14R2,0,-0.0787717453845548,Low
591,item15R1,0,0.0191664951661517,Low
591,item15R2,0,0.0366616301912373,Low
591,item16R1,0,-0.116883526434848,Low
591,item16R2,0,0.0455304649050664,Low
591,item1R1,0,0.0768076655627381,Low
591,item1R2,0,-0.033457725670153,Low
591,item2R1,0,0.0139852836490363,Low
591,item2R2,0,-0.0788836838015984,Low
591,item3R1,0,0.0261938607683616,Low
591,item3R2,0,0.0691984287768984,Low
591,item4R1,0,0.0674120349501523,Low
591,item4R2,0,-0.0396840236952084,Low
591,item5R1,0,0.107818990127759,Low
591,item5R2,0,0.0412037810943014,Low
591,item6R1,1,-0.226319571984044,Low
591,item6R2,0,-0.128072745690405,Low
591,item7R1,0,-0.116063633647408,Low
591,item7R2,0,0.0673494900651151,Low
591,item8R1,1,0.164943533452029,Low
591,item8R2,0,-0.121168204089523,Low
591,item9R1,0,0.0297102069513831,Low
591,item9R2,0,0.0924467601087304,Low
592,item10R1,0,-0.146550778346096,High
592,item10R2,0,0.137750040155968,High
592,item11R1,1,0.0407710530052531,High
592,item11R2,0,-0.0169805970389328,High
592,item12R1,0,-0.0341239233677036,High
592,item12R2,1,0.141342625770223,High
592,item13R1,0,0.0085978532802609,High
592,item13R2,0,-0.115340681907302,High
592,item14R1,1,-0.0162667285113997,High
592,item14R2,1,-0.138037502761821,High
592,item15R1,0,0.0300218021511719,High
592,item15R2,1,-0.0310777193447624,High
592,item16R1,0,0.0935435827533859,High
592,item16R2,1,-0.29655987985345,High
592,item1R1,0,-0.203731265890947,High
592,item1R2,0,0.0796032766152738,High
592,item2R1,0,-0.124498958363154,High
592,item2R2,1,-0.330611946991538,High
592,item3R1,1,0.0572614726678445,High
592,item3R2,1,-0.138365706817724,High
592,item4R1,0,-0.188821030151557,High
592,item4R2,1,0.0641078365712354,High
592,item5R1,0,0.0319739547068589,High
592,item5R2,0,-0.00373838421708815,High
592,item6R1,1,-0.00263760255298315,High
592,item6R2,1,0.0691928915414337,High
592,item7R1,1,-0.191994308566406,High
592,item7R2,1,-0.226595837789101,High
592,item8R1,0,-0.164191635048608,High
592,item8R2,1,0.200105699855424,High
592,item9R1,0,0.0367581516985356,High
592,item9R2,0,-0.00383738966811739,High
592,item10R1,0,0.0964496725574826,Low
592,item10R2,0,0.0731078720549522,Low
592,item11R1,0,0.0361960199921158,Low
592,item11R2,1,-0.150611249281782,Low
592,item12R1,0,0.0713531669085417,Low
592,item12R2,0,-0.12267025705359,Low
592,item13R1,1,-0.118784056534999,Low
592,item13R2,0,-0.0388845020316515,Low
592,item14R1,0,-0.040211994812329,Low
592,item14R2,1,-0.169798154968411,Low
592,item15R1,1,-0.107462827842417,Low
592,item15R2,0,0.110817427401021,Low
592,item16R1,1,-7.1291342836265e-05,Low
592,item16R2,0,0.0271915509866521,Low
592,item1R1,1,-0.135381511087488,Low
592,item1R2,1,0.0661875506816936,Low
592,item2R1,0,-0.10657195447677,Low
592,item2R2,0,0.00093295453416679,Low
592,item3R1,1,-0.388703707281132,Low
592,item3R2,0,0.0739491276887499,Low
592,item4R1,1,-0.234948544353117,Low
592,item4R2,0,-0.0386210553142393,Low
592,item5R1,0,0.0582723370883702,Low
592,item5R2,1,-0.254161423222262,Low
592,item6R1,1,0.0484906348265974,Low
592,item6R2,1,-0.265649795301962,Low
592,item7R1,1,0.115380699865843,Low
592,item7R2,1,-0.269475597664441,Low
592,item8R1,0,-0.0324497828474712,Low
592,item8R2,0,0.0393777665583046,Low
592,item9R1,0,-0.267369911862729,Low
592,item9R2,0,0.12631116453842,Low
593,item10R1,0,0.0581289235912225,High
593,item10R2,1,0.064813540918513,High
593,item11R1,0,0.0234924553882273,High
593,item11R2,1,0.11274481373509,High
593,item12R1,1,0.131046555649319,High
593,item12R2,1,0.097086261109278,High
593,item13R1,0,-0.0182754560218419,High
593,item13R2,1,0.124603228514716,High
593,item14R1,1,0.146613384804704,High
593,item14R2,0,0.138385991442968,High
593,item15R1,1,-0.193291947097555,High
593,item15R2,1,-0.0380062886382243,High
593,item16R1,1,0.0104106222368281,High
593,item16R2,0,0.00698585504251705,High
593,item1R1,1,0.0601235912838587,High
593,item1R2,1,-0.278847293923152,High
593,item2R1,0,0.0596837276059106,High
593,item2R2,1,-0.0258488377614394,High
593,item3R1,1,0.066601764615579,High
593,item3R2,0,0.126974019671766,High
593,item4R1,0,-0.175202388268494,High
593,item4R2,1,0.0490771962385878,High
593,item5R1,1,-0.0844119549618104,High
593,item5R2,1,-0.0239063306007052,High
593,item6R1,0,-0.0692782184582378,High
593,item6R2,1,0.141625108606691,High
593,item7R1,0,0.0559589760099802,High
593,item7R2,1,-0.0146611121545293,High
593,item8R1,1,0.0635999594126463,High
593,item8R2,0,0.0667420750415719,High
593,item9R1,1,-0.0881305441834354,High
593,item9R2,1,0.0487294568942456,High
593,item10R1,0,0.109257084891969,Low
593,item10R2,1,-0.0549483097222129,Low
593,item11R1,0,0.051904299613919,Low
593,item11R2,0,0.0760427568224523,Low
593,item12R1,0,-0.00126864653045973,Low
593,item12R2,0,-0.140977197703834,Low
593,item13R1,0,0.291861654559144,Low
593,item13R2,1,-0.068825865897671,Low
593,item14R1,0,0.0419478189013486,Low
593,item14R2,0,0.113896510207912,Low
593,item15R1,0,-0.040948356495874,Low
593,item15R2,1,0.0261876242707348,Low
593,item16R1,0,-0.0753283510744502,Low
593,item16R2,1,-0.129376887808777,Low
593,item1R1,0,-0.0848974042934946,Low
593,item1R2,1,0.0254284758695265,Low
593,item2R1,1,0.0749762272812031,Low
593,item2R2,0,-0.123935017165486,Low
593,item3R1,0,-0.0156603771980307,Low
593,item3R2,1,-0.0953084659811897,Low
593,item4R1,0,0.037295276334576,Low
593,item4R2,0,0.0804847428475451,Low
593,item5R1,0,0.123639137071958,Low
593,item5R2,0,0.0382656527091076,Low
593,item6R1,0,0.0520954205955151,Low
593,item6R2,1,0.00705490092847535,Low
593,item7R1,0,-0.217738402831165,Low
593,item7R2,1,0.0358573845647704,Low
593,item8R1,0,0.0731059441000349,Low
593,item8R2,1,-0.246932399705539,Low
593,item9R1,1,0.00404341524539417,Low
593,item9R2,1,-0.13230603086989,Low
595,item10R1,0,0.0811608636500742,High
595,item10R2,0,0.0457422665735017,High
595,item11R1,0,-0.11698034050036,High
595,item11R2,0,-0.0537186754891989,High
595,item12R1,1,-0.0328575054487276,High
595,item12R2,0,-0.222862759319072,High
595,item13R1,1,-0.026690514531848,High
595,item13R2,0,0.0138526139914201,High
595,item14R1,1,0.0808640567810653,High
595,item14R2,0,-0.0583336446015241,High
595,item15R1,0,-0.0122888166784929,High
595,item15R2,1,0.0951817417426281,High
595,item16R1,1,0.103111217526043,High
595,item16R2,1,0.0591415148248227,High
595,item1R1,0,0.00877896212839294,High
595,item1R2,0,0.0229937148544303,High
595,item2R1,1,-0.122815752370656,High
595,item2R2,0,-0.0554081771355665,High
595,item3R1,1,-0.0726961863357456,High
595,item3R2,0,0.229190707742911,High
595,item4R1,1,0.0707405995005836,High
595,item4R2,1,-0.218076483313217,High
595,item5R1,0,-0.00548622452326559,High
595,item5R2,1,-0.17632750477127,High
595,item6R1,0,0.0334926982141249,High
595,item6R2,0,0.0397299838540965,High
595,item7R1,1,0.00967692837690762,High
595,item7R2,0,-0.425371358873796,High
595,item8R1,0,-0.138605134217184,High
595,item8R2,1,-0.068029221274601,High
595,item9R1,1,0.0510820980503196,High
595,item9R2,1,-0.0529561767337378,High
595,item10R1,0,-0.110741762416719,Low
595,item10R2,0,0.16664924819064,Low
595,item11R1,1,0.0878902694612027,Low
595,item11R2,0,0.030465035741401,Low
595,item12R1,1,-0.0786822208763914,Low
595,item12R2,1,-0.0521720616041697,Low
595,item13R1,0,-0.0581516884801272,Low
595,item13R2,1,-0.0369217599919095,Low
595,item14R1,0,0.0698665209051322,Low
595,item14R2,0,0.187418527553234,Low
595,item15R1,0,-0.109713963785408,Low
595,item15R2,0,-0.0450467829026752,Low
595,item16R1,0,0.217010517259471,Low
595,item16R2,0,-0.0971254407502422,Low
595,item1R1,0,-0.0528886249838927,Low
595,item1R2,0,-0.0637196203185394,Low
595,item2R1,0,0.094277380359482,Low
595,item2R2,1,0.140487794093908,Low
595,item3R1,0,-0.0461033562246477,Low
595,item3R2,0,-0.112196539306623,Low
595,item4R1,0,-0.115729857904668,Low
595,item4R2,1,0.117821172810451,Low
595,item5R1,0,-0.155233024805484,Low
595,item5R2,0,0.0758909521885157,Low
595,item6R1,1,0.108359391530141,Low
595,item6R2,0,-0.00476608958090027,Low
595,item7R1,0,-0.196689182420331,Low
595,item7R2,1,-0.062426073558764,Low
595,item8R1,0,0.0456771335887489,Low
595,item8R2,1,0.0427198793087503,Low
595,item9R1,1,0.205078728286652,Low
595,item9R2,0,0.0593320467004684,Low
596,item10R1,1,0.0119489938301532,High
596,item10R2,0,0.0489712930203191,High
596,item11R1,0,-0.153289981884935,High
596,item11R2,1,-0.0430060839211593,High
596,item12R1,0,-0.0971547039005308,High
596,item12R2,0,-0.0476313947119694,High
596,item13R1,1,-0.0882502774821828,High
596,item13R2,0,-0.117565090741562,High
596,item14R1,1,0.111984981086492,High
596,item14R2,1,-0.137828128987267,High
596,item15R1,0,-0.0466941032334742,High
596,item15R2,0,0.0977769930123173,High
596,item16R1,1,-0.0798587871296332,High
596,item16R2,0,0.0454664289406152,High
596,item1R1,0,-0.0209715103033877,High
596,item1R2,0,-0.0630966980887218,High
596,item2R1,1,-0.0896804347953852,High
596,item2R2,1,-0.0147671148171005,High
596,item3R1,0,0.100151921101461,High
596,item3R2,0,0.0107750144899173,High
596,item4R1,0,0.0142376038385918,High
596,item4R2,1,-0.102087408584034,High
596,item5R1,0,-0.0372785984590632,High
596,item5R2,1,-0.0557298250180862,High
596,item6R1,0,-0.0444084532173071,High
596,item6R2,1,0.0594297019303181,High
596,item7R1,0,-0.159247607401134,High
596,item7R2,1,0.138935286911821,High
596,item8R1,0,-0.0655100090217926,High
596,item8R2,1,-0.052168017991139,High
596,item9R1,0,-0.0252960307550632,High
596,item9R2,0,-0.0541766276018412,High
596,item10R1,0,0.103858871786878,Low
596,item10R2,0,-0.135094662322953,Low
596,item11R1,1,0.0376331257197497,Low
596,item11R2,1,0.0868610753217244,Low
596,item12R1,0,-0.0946130717264608,Low
596,item12R2,0,-0.180731561626568,Low
596,item13R1,0,-0.0125506991519293,Low
596,item13R2,1,-0.0353260629027744,Low
596,item14R1,0,0.00326318334132869,Low
596,item14R2,0,0.0362588940172978,Low
596,item15R1,0,0.0468029537808493,Low
596,item15R2,0,0.0871619915993594,Low
596,item16R1,0,-0.124586980168398,Low
596,item16R2,0,-0.00384645783110599,Low
596,item1R1,1,-0.148256882570374,Low
596,item1R2,0,-0.0956114680278467,Low
596,item2R1,0,0.137207566420316,Low
596,item2R2,0,0.124501362758261,Low
596,item3R1,0,-0.156244124902437,Low
596,item3R2,0,0.0837831326407525,Low
596,item4R1,0,0.142595497651596,Low
596,item4R2,0,0.0583756194569603,Low
596,item5R1,1,0.022476665109009,Low
596,item5R2,0,-0.0237065331134563,Low
596,item6R1,0,-0.0340355762069572,Low
596,item6R2,0,-0.0212998068472203,Low
596,item7R1,1,0.159662407590838,Low
596,item7R2,0,-0.0486291540090936,Low
596,item8R1,0,-0.0176228089455947,Low
596,item8R2,0,0.0526554905219377,Low
596,item9R1,0,0.0756458202269443,Low
596,item9R2,1,0.0973355332865549,Low
597,item10R1,1,0.0444735364834525,High
597,item10R2,0,0.0174471531012039,High
597,item11R1,1,0.11733700820616,High
597,item11R2,1,-0.0269902897993808,High
597,item12R1,0,0.0763667874373285,High
597,item12R2,1,-0.0624673907274166,High
597,item13R1,0,-0.172385420790159,High
597,item13R2,0,0.0755310492616429,High
597,item14R1,1,-0.102523540921886,High
597,item14R2,1,0.045640717637781,High
597,item15R1,1,0.101782106574715,High
597,item15R2,1,-0.0805668443232321,High
597,item16R1,0,-0.0202266744261926,High
597,item16R2,1,0.0534613496569379,High
597,item1R1,1,-0.0920948040542825,High
597,item1R2,1,0.021127434954576,High
597,item2R1,0,-0.10196282520885,High
597,item2R2,1,-0.0370084460528966,High
597,item3R1,0,0.149540192438607,High
597,item3R2,1,0.0839366347371613,High
597,item4R1,1,0.219653829849267,High
597,item4R2,1,0.0793260470639265,High
597,item5R1,0,0.290662131366478,High
597,item5R2,0,0.0163351566034329,High
597,item6R1,0,-0.185339800789137,High
597,item6R2,1,0.0956423732980462,High
597,item7R1,0,0.0227556283794861,High
597,item7R2,1,0.00738689802430858,High
597,item8R1,0,0.0567460728981397,High
597,item8R2,0,-0.11750081098911,High
597,item9R1,1,-0.162903548669614,High
597,item9R2,1,0.0596706163356492,High
597,item10R1,1,0.0544249847321547,Low
597,item10R2,1,0.0251342618733089,Low
597,item11R1,1,-0.0338978297769971,Low
597,item11R2,1,-0.0740176869427979,Low
597,item12R1,1,-0.166888557166791,Low
597,item12R2,1,0.0299027476388945,Low
597,item13R1,0,-0.0386279588142441,Low
597,item13R2,1,-0.142777926875647,Low
597,item14R1,1,-0.0061245610263399,Low
597,item14R2,1,-0.0583534164268298,Low
597,item15R1,1,0.0656416963966268,Low
597,item15R2,0,-0.0180738033646835,Low
597,item16R1,0,0.0925310553800284,Low
597,item16R2,0,-0.114062321968095,Low
597,item1R1,0,0.0191239913345327,Low
597,item1R2,1,0.0999570580286452,Low
597,item2R1,1,0.0312958979726992,Low
597,item2R2,1,0.0127275053604184,Low
597,item3R1,1,0.00463589972352139,Low
597,item3R2,1,-0.118129134731042,Low
597,item4R1,0,0.134891533782999,Low
597,item4R2,1,-0.228790120314162,Low
597,item5R1,0,-0.0235135374155029,Low
597,item5R2,1,0.164885711071772,Low
597,item6R1,1,0.0198840216320519,Low
597,item6R2,1,-0.0205011398440276,Low
597,item7R1,1,0.122721372841163,Low
597,item7R2,0,-0.103333800335434,Low
597,item8R1,0,-0.10474997219213,Low
597,item8R2,0,0.0612163144665647,Low
597,item9R1,0,-0.0982283773995593,Low
597,item9R2,0,0.17070049527014,Low
598,item10R1,1,0.0245886310339672,High
598,item10R2,1,-0.0621201302129756,High
598,item11R1,1,-0.0940554161723263,High
598,item11R2,1,0.0624685108808298,High
598,item12R1,1,0.0156305595379836,High
598,item12R2,1,-0.00755063522459097,High
598,item13R1,1,0.0435954532375234,High
598,item13R2,1,0.0634061176974345,High
598,item14R1,1,0.185736447579852,High
598,item14R2,1,-0.0867235683366549,High
598,item15R1,0,-0.21339202243303,High
598,item15R2,1,-0.144267763577016,High
598,item16R1,1,-0.0929261975068066,High
598,item16R2,1,-0.0569994929249692,High
598,item1R1,1,0.0262828375800713,High
598,item1R2,0,-0.0336116616951224,High
598,item2R1,1,-0.0753011192314723,High
598,item2R2,1,-0.0900828113249259,High
598,item3R1,1,-0.0307653413595439,High
598,item3R2,1,-0.0398392268623749,High
598,item4R1,1,-0.229735996094758,High
598,item4R2,0,-0.147757091409189,High
598,item5R1,0,-0.11714300450775,High
598,item5R2,1,-0.14175066396468,High
598,item6R1,0,0.0485199231419397,High
598,item6R2,1,-0.120541140430325,High
598,item7R1,0,0.0455206992733279,High
598,item7R2,1,0.0531564801568953,High
598,item8R1,0,-0.104495091103736,High
598,item8R2,1,0.0585651310215378,High
598,item9R1,1,-0.104741058770376,High
598,item9R2,1,-0.295458101451762,High
598,item10R1,0,0.0463657394157174,Low
598,item10R2,0,-0.0523402104970812,Low
598,item11R1,0,0.066101287224465,Low
598,item11R2,0,0.00907286448134458,Low
598,item12R1,1,0.176907846937429,Low
598,item12R2,0,-0.140835203911428,Low
598,item13R1,1,-0.0277835837692027,Low
598,item13R2,0,0.188361757708275,Low
598,item14R1,1,0.118349839923564,Low
598,item14R2,1,0.211436104650863,Low
598,item15R1,0,0.0734136274836354,Low
598,item15R2,1,-0.193780152882642,Low
598,item16R1,0,0.0819228193017516,Low
598,item16R2,1,-0.0622736389252259,Low
598,item1R1,1,-0.0417716323037808,Low
598,item1R2,1,-0.00849251047109128,Low
598,item2R1,0,-0.210117222897782,Low
598,item2R2,0,-0.0444507798405643,Low
598,item3R1,0,-0.0135632837055962,Low
598,item3R2,0,0.00102231016714154,Low
598,item4R1,0,-0.00491879359214955,Low
598,item4R2,0,-0.31625184540856,Low
598,item5R1,1,-0.0149808394803312,Low
598,item5R2,1,0.182023959431898,Low
598,item6R1,1,-0.15802205268466,Low
598,item6R2,1,0.0201127929990568,Low
598,item7R1,0,-0.0244574417881314,Low
598,item7R2,1,-0.0990639129732079,Low
598,item8R1,1,-0.0751427074191982,Low
598,item8R2,1,-0.0502865569497052,Low
598,item9R1,0,-0.0714754333415202,Low
598,item9R2,1,0.109704091339814,Low
601,item10R1,0,0.306904099660983,High
601,item10R2,1,-0.035321964727069,High
601,item11R1,1,0.286095725663133,High
601,item11R2,1,-0.0332810579535778,High
601,item12R1,1,0.0721198355374834,High
601,item12R2,0,0.0130835474046679,High
601,item13R1,1,-0.0801664527271867,High
601,item13R2,0,0.179887023832649,High
601,item14R1,0,0.163872321160929,High
601,item14R2,0,0.0571348605355275,High
601,item15R1,0,0.252236005478132,High
601,item15R2,0,0.0557676176618509,High
601,item16R1,0,-0.0463480371291676,High
601,item16R2,0,-0.069017840712136,High
601,item1R1,0,-0.0601948308964712,High
601,item1R2,1,-0.187889709808825,High
601,item2R1,1,0.0101974385517813,High
601,item2R2,0,0.218228061076529,High
601,item3R1,1,0.0387633899636977,High
601,item3R2,0,-0.114617305353036,High
601,item4R1,1,0.192369174431384,High
601,item4R2,1,-0.143531136744639,High
601,item5R1,1,-0.0626720921092497,High
601,item5R2,0,-0.107513586467092,High
601,item6R1,0,-0.165314607237456,High
601,item6R2,1,-0.095889575228406,High
601,item7R1,0,0.132543806735877,High
601,item7R2,1,0.0640750480952272,High
601,item8R1,1,0.0729625084607461,High
601,item8R2,0,0.0154342806191086,High
601,item9R1,0,0.113874273273413,High
601,item9R2,0,-0.0667925130381778,High
601,item10R1,0,-0.132097763111482,Low
601,item10R2,0,0.0958190189653162,Low
601,item11R1,1,0.055101599504714,Low
601,item11R2,1,0.500418826418498,Low
601,item12R1,0,0.0851535567515983,Low
601,item12R2,0,0.240459298425926,Low
601,item13R1,0,0.113527761162758,Low
601,item13R2,1,-0.0967345886085811,Low
601,item14R1,0,0.145443591506545,Low
601,item14R2,1,0.0500611501316412,Low
601,item15R1,0,-0.100988654325819,Low
601,item15R2,1,0.204588444780524,Low
601,item16R1,0,0.0992341250263674,Low
601,item16R2,0,0.159901893450765,Low
601,item1R1,1,-0.00965172614841268,Low
601,item1R2,0,-0.0351801542164541,Low
601,item2R1,0,-0.0813344074698982,Low
601,item2R2,0,-0.208054886897898,Low
601,item3R1,1,0.0896147256697924,Low
601,item3R2,0,-0.297856584406899,Low
601,item4R1,0,-0.0647196748559892,Low
601,item4R2,1,0.142914183833388,Low
601,item5R1,0,0.271930270650368,Low
601,item5R2,0,-0.00485283448295539,Low
601,item6R1,1,0.266032609721248,Low
601,item6R2,1,0.176862604353197,Low
601,item7R1,0,0.14831327638267,Low
601,item7R2,0,-0.0186415690729743,Low
601,item8R1,0,-0.135278172975766,Low
601,item8R2,1,0.18395988612432,Low
601,item9R1,1,-0.139389421787067,Low
601,item9R2,0,0.0632369188198475,Low
602,item10R1,1,-0.155349575865577,High
602,item10R2,1,0.12814320460904,High
602,item11R1,0,0.133740267038876,High
602,item11R2,0,-0.12950811068571,High
602,item12R1,0,0.0144055001577474,High
602,item12R2,1,-0.00730740301980462,High
602,item13R1,0,0.0604301340822621,High
602,item13R2,1,0.0995108842667651,High
602,item14R1,1,0.0301731720724222,High
602,item14R2,0,0.122602455733016,High
602,item15R1,1,0.0617368752953645,High
602,item15R2,1,0.0303437916023518,High
602,item16R1,1,0.27065581050867,High
602,item16R2,1,0.0825086790416568,High
602,item1R1,1,0.0153409998077581,High
602,item1R2,1,-0.115939818155792,High
602,item2R1,0,0.0801933076227834,High
602,item2R2,1,0.0572268959304129,High
602,item3R1,1,0.0202177876801028,High
602,item3R2,1,-0.0536443610861043,High
602,item4R1,1,0.0228776084892631,High
602,item4R2,1,-0.244814777661665,High
602,item5R1,1,-0.0303665215239797,High
602,item5R2,1,0.0621672193841394,High
602,item6R1,1,-0.257163539411933,High
602,item6R2,0,-0.0588007354853342,High
602,item7R1,1,0.0344334050608664,High
602,item7R2,1,-0.132524335795839,High
602,item8R1,0,0.0955918279992837,High
602,item8R2,1,0.0410325229559957,High
602,item9R1,0,-0.097404279436834,High
602,item9R2,1,0.122464543191997,High
602,item10R1,0,-0.146822115353435,Low
602,item10R2,1,-0.0615201235638973,Low
602,item11R1,1,0.12390047421032,Low
602,item11R2,0,0.0142691066739232,Low
602,item12R1,1,0.11798856355906,Low
602,item12R2,1,-0.264697748356107,Low
602,item13R1,1,-0.162593513396373,Low
602,item13R2,1,-0.0230204571494882,Low
602,item14R1,1,0.111562100972408,Low
602,item14R2,1,-0.0565500153839639,Low
602,item15R1,1,0.0271684025453103,Low
602,item15R2,1,0.0594345526112828,Low
602,item16R1,0,-0.176878562468678,Low
602,item16R2,1,-0.013837590472102,Low
602,item1R1,1,-0.0506064653641313,Low
602,item1R2,1,0.0975159600816869,Low
602,item2R1,0,0.0979862943312397,Low
602,item2R2,1,-0.213918782272523,Low
602,item3R1,1,0.0938108066515472,Low
602,item3R2,1,-0.0887806228408816,Low
602,item4R1,1,-0.256270470717837,Low
602,item4R2,1,0.0649650265379948,Low
602,item5R1,0,0.119236501295598,Low
602,item5R2,1,0.0715180513614529,Low
602,item6R1,0,0.0990595860608729,Low
602,item6R2,0,-0.206760095330666,Low
602,item7R1,1,0.209960635584986,Low
602,item7R2,1,0.05645249334255,Low
602,item8R1,1,0.199138381508954,Low
602,item8R2,1,-0.294129411964534,Low
602,item9R1,0,-0.0611465705370424,Low
602,item9R2,0,0.208045612936231,Low
604,item10R1,1,0.126153741608058,High
604,item11R1,0,0.0656466482662775,High
604,item12R1,0,-0.0833985852690373,High
604,item13R1,1,-0.119809511656187,High
604,item14R1,0,0.00893314463419386,High
604,item15R1,1,0.177704526790726,High
604,item16R1,0,0.118192122126518,High
604,item1R1,0,-0.143606725286028,High
604,item2R1,0,0.172978041152756,High
604,item3R1,0,0.145650550390118,High
604,item4R1,1,-0.100005963751338,High
604,item5R1,1,0.204680262043983,High
604,item6R1,1,0.0368440297084835,High
604,item7R1,0,-0.0497041650443362,High
604,item8R1,1,-0.0132296394756292,High
604,item9R1,0,0.0945311537565255,High
604,item10R1,0,-0.0775161861963128,Low
604,item11R1,0,-0.17904981659089,Low
604,item12R1,0,0.0386826130858352,Low
604,item13R1,1,-0.065890231269575,Low
604,item14R1,1,0.0789254630139235,Low
604,item15R1,0,0.0275152343153498,Low
604,item16R1,1,-0.0316849848593424,Low
604,item1R1,0,-0.10088031951302,Low
604,item2R1,0,0.0676198442078766,Low
604,item3R1,1,-0.393626729971134,Low
604,item4R1,1,-0.0436360478600222,Low
604,item5R1,1,-0.0754796313345568,Low
604,item6R1,1,0.109102657376395,Low
604,item7R1,0,0.0557415750523406,Low
604,item8R1,0,0.0368644648815691,Low
604,item9R1,1,0.0607633709784316,Low
605,item10R1,0,-0.0362263920367237,High
605,item10R2,1,0.0907149023683035,High
605,item11R1,1,-0.0462641464683119,High
605,item11R2,1,0.21826086669165,High
605,item12R1,0,-0.00191253193596755,High
605,item12R2,1,-0.209244711904625,High
605,item13R1,1,-0.153196203318151,High
605,item13R2,1,-0.0605007025982163,High
605,item14R1,1,0.0378858276195914,High
605,item14R2,1,-0.00601412268529512,High
605,item15R1,1,-0.0384737835574626,High
605,item15R2,1,0.182057346448431,High
605,item16R1,0,0.183530015732776,High
605,item16R2,1,-0.0788210078434204,High
605,item1R1,0,-0.0423544929396492,High
605,item1R2,0,0.0356277097450746,High
605,item2R1,1,0.0404181360069614,High
605,item2R2,0,-0.0417677729312321,High
605,item3R1,1,0.0552933238535864,High
605,item3R2,1,0.0332179957310131,High
605,item4R1,0,-0.0121744344035208,High
605,item4R2,1,0.0130456996425241,High
605,item5R1,1,0.094316889616285,High
605,item5R2,1,0.173808945775052,High
605,item6R1,1,0.129685757530448,High
605,item6R2,1,-0.180164805264715,High
605,item7R1,1,0.0106100562580886,High
605,item7R2,1,-0.149791680295993,High
605,item8R1,1,0.137313696528331,High
605,item8R2,0,0.148008943522257,High
605,item9R1,1,-0.0186500961107055,High
605,item9R2,1,0.102215379385602,High
605,item10R1,0,-0.155935713433956,Low
605,item10R2,0,-0.0814447974106503,Low
605,item11R1,0,-0.00778719390259664,Low
605,item11R2,1,-0.117717030772865,Low
605,item12R1,1,0.0492272171464991,Low
605,item12R2,1,0.0512382558177097,Low
605,item13R1,0,0.0178159708461881,Low
605,item13R2,0,-0.174221662298355,Low
605,item14R1,0,0.209906257432618,Low
605,item14R2,0,-0.183140845355683,Low
605,item15R1,1,0.0577542224681613,Low
605,item15R2,1,0.103790752547849,Low
605,item16R1,0,0.0634875393188122,Low
605,item16R2,1,-0.105524460305991,Low
605,item1R1,0,0.109595130221459,Low
605,item1R2,1,-0.0505216376163913,Low
605,item2R1,1,0.0271517707831617,Low
605,item2R2,0,-0.00643420122746708,Low
605,item3R1,0,-0.010445241917852,Low
605,item3R2,1,-0.162883823213241,Low
605,item4R1,0,-0.029589553958848,Low
605,item4R2,1,-0.129501558703196,Low
605,item5R1,0,0.168934974195625,Low
605,item5R2,1,-0.262790324516858,Low
605,item6R1,0,0.00775923047235749,Low
605,item6R2,1,0.0346888364951539,Low
605,item7R1,1,0.101934667221478,Low
605,item7R2,1,-0.111236488379987,Low
605,item8R1,0,-0.0791494686595177,Low
605,item8R2,0,-0.0462896403354004,Low
605,item9R1,1,-0.0899439176978983,Low
605,item9R2,0,-0.214550521354706,Low
608,item10R1,1,0.0275190306878779,High
608,item10R2,1,0.0557053452193179,High
608,item11R1,0,0.042280106131106,High
608,item11R2,0,0.0356106085811162,High
608,item12R1,0,-0.0600924216232407,High
608,item12R2,0,-0.233905688519662,High
608,item13R1,0,0.0586027311700714,High
608,item13R2,1,-0.0997914550982278,High
608,item14R1,1,-0.0841813011332227,High
608,item14R2,0,-0.108618003917218,High
608,item15R1,1,0.028748928296309,High
608,item15R2,1,-0.0167191959085618,High
608,item16R1,0,0.0477303005807643,High
608,item16R2,1,-0.00270124531399517,High
608,item1R1,1,-0.0929321225957857,High
608,item1R2,0,0.0313463316132054,High
608,item2R1,0,-0.0396843826390179,High
608,item2R2,0,0.0612638424335285,High
608,item3R1,1,-0.03312512584854,High
608,item3R2,0,0.0286489004486175,High
608,item4R1,0,-0.0489137091816859,High
608,item4R2,0,0.0731968049466802,High
608,item5R1,1,-0.00180703065718092,High
608,item5R2,1,-0.0264689628934595,High
608,item6R1,0,-0.089065002471368,High
608,item6R2,1,-0.00692440560971727,High
608,item7R1,1,0.0709614726601817,High
608,item7R2,1,-0.114916218121604,High
608,item8R1,1,-0.0678780593602622,High
608,item8R2,1,0.176743348507241,High
608,item9R1,0,-0.0430582401550575,High
608,item9R2,0,0.037315495792556,High
608,item10R1,0,-0.00350836421319641,Low
608,item10R2,0,0.0579566359706634,Low
608,item11R1,0,-0.0882628547795456,Low
608,item11R2,1,0.162854771108235,Low
608,item12R1,0,-0.0175896303866624,Low
608,item12R2,0,0.14267022807143,Low
608,item13R1,0,-0.173268133258453,Low
608,item13R2,1,-0.0920558468166514,Low
608,item14R1,1,-0.0113392854948471,Low
608,item14R2,0,0.0949192341790172,Low
608,item15R1,0,0.103560029332619,Low
608,item15R2,1,0.0232450177687142,Low
608,item16R1,1,0.1496620456483,Low
608,item16R2,0,-0.0549723675884154,Low
608,item1R1,1,0.0840411087056206,Low
608,item1R2,0,0.0541438186286229,Low
608,item2R1,0,-0.0355449377984395,Low
608,item2R2,1,0.0885813164651384,Low
608,item3R1,0,-0.0817721853627769,Low
608,item3R2,1,0.148991267394295,Low
608,item4R1,0,-0.196910595743751,Low
608,item4R2,1,0.107870819585779,Low
608,item5R1,1,0.0683312403518561,Low
608,item5R2,0,-0.00302850321210502,Low
608,item6R1,1,0.134122813499852,Low
608,item6R2,0,0.374853077297204,Low
608,item7R1,0,0.248857612407675,Low
608,item7R2,0,0.105309924174364,Low
608,item8R1,1,0.0393290251806666,Low
608,item8R2,0,0.145483198856539,Low
608,item9R1,0,-0.103790834199023,Low
608,item9R2,0,0.0353554372942712,Low
609,item10R1,0,0.0508477556654211,High
609,item10R2,1,0.00298215896742064,High
609,item11R1,0,0.0358209487914614,High
609,item11R2,1,0.0944887939250934,High
609,item12R1,0,-0.170732257196287,High
609,item12R2,0,-0.0231719064122742,High
609,item13R1,1,0.0184015224439918,High
609,item13R2,1,0.113830273380116,High
609,item14R1,0,0.0675573527138382,High
609,item14R2,0,-0.0633809400945762,High
609,item15R1,1,-0.0616247454186851,High
609,item15R2,1,0.0104571910737306,High
609,item16R1,0,-0.0303056672375207,High
609,item16R2,1,0.124061149023473,High
609,item1R1,0,0.113767058610321,High
609,item1R2,1,0.0109009293611249,High
609,item2R1,1,-0.0985185990360287,High
609,item2R2,0,0.0444672497732407,High
609,item3R1,0,0.0776905845604836,High
609,item3R2,0,0.0873571091317822,High
609,item4R1,1,0.0690255944887016,High
609,item4R2,1,0.00876724787213205,High
609,item5R1,1,0.251672716488199,High
609,item5R2,1,-0.0610939166417631,High
609,item6R1,0,-0.0700490116451337,High
609,item6R2,0,0.136628403837103,High
609,item7R1,0,-0.0104413830808093,High
609,item7R2,1,0.147177912746771,High
609,item8R1,0,-0.0339004077698079,High
609,item8R2,1,-0.035458099425193,High
609,item9R1,0,-0.0188112197614595,High
609,item9R2,0,-0.0389752382949616,High
609,item10R1,0,-0.0845220109339511,Low
609,item10R2,0,0.0698180894027462,Low
609,item11R1,1,0.0292309847249972,Low
609,item11R2,0,-0.022722366119582,Low
609,item12R1,0,-0.0242818678465532,Low
609,item12R2,1,-0.168490295561092,Low
609,item13R1,0,-0.158233325074212,Low
609,item13R2,0,-0.108174234650864,Low
609,item14R1,0,-0.257837022752571,Low
609,item14R2,0,0.240874918611261,Low
609,item15R1,1,-0.0385222665085807,Low
609,item15R2,0,0.0297180797906764,Low
609,item16R1,1,0.0396030940046337,Low
609,item16R2,1,-0.346161334645304,Low
609,item1R1,0,-0.0827749782472275,Low
609,item1R2,1,-0.145404702723486,Low
609,item2R1,1,0.164507624385575,Low
609,item2R2,1,-0.0482155659935938,Low
609,item3R1,1,-0.0845106231616084,Low
609,item3R2,0,0.15069011596443,Low
609,item4R1,0,0.0603865712747244,Low
609,item4R2,1,-0.0402613874831158,Low
609,item5R1,1,-0.097314091188457,Low
609,item5R2,1,-0.0676240238069571,Low
609,item6R1,1,0.0972190016327336,Low
609,item6R2,1,0.166294529392151,Low
609,item7R1,1,0.0622344966174791,Low
609,item7R2,0,0.123064350981771,Low
609,item8R1,0,-0.0189488489184713,Low
609,item8R2,1,0.0979191156541375,Low
609,item9R1,0,-0.0593177350613543,Low
609,item9R2,1,-0.0986745518381338,Low
615,item10R1,0,-0.094498924962603,High
615,item10R2,1,-0.132237539359758,High
615,item11R1,0,-0.0885519127325143,High
615,item11R2,1,-0.117064840293845,High
615,item12R1,0,0.0674359104389826,High
615,item12R2,1,-0.0450134374290106,High
615,item13R1,0,0.142919180482983,High
615,item13R2,0,-0.322197870115789,High
615,item14R1,0,-0.0626577759467432,High
615,item14R2,0,0.0132997721283404,High
615,item15R1,0,-0.0368748535673022,High
615,item15R2,1,-0.105871321118985,High
615,item16R1,0,0.258233790422336,High
615,item16R2,1,-0.0666042059956813,High
615,item1R1,0,0.144217252377556,High
615,item1R2,1,0.0716524155741525,High
615,item2R1,0,-0.00461901501172873,High
615,item2R2,1,-0.336566544492901,High
615,item3R1,1,0.123197661948167,High
615,item3R2,1,-0.0321076969494816,High
615,item4R1,1,-0.022952096575405,High
615,item4R2,1,0.0223291695852072,High
615,item5R1,0,-0.104432736055641,High
615,item5R2,0,0.0092873969784829,High
615,item6R1,0,-0.0760450492470056,High
615,item6R2,0,-0.101408069285036,High
615,item7R1,0,0.0917027772201351,High
615,item7R2,1,-0.102470835062609,High
615,item8R1,0,-0.15707494581248,High
615,item8R2,0,0.151786672864497,High
615,item9R1,0,0.387326597296102,High
615,item9R2,1,-0.248471364533625,High
615,item10R1,0,-0.0627948439868849,Low
615,item10R2,1,0.0721272403393034,Low
615,item11R1,0,-0.0583388181251419,Low
615,item11R2,0,0.0150723013320355,Low
615,item12R1,0,-0.0983258278518216,Low
615,item12R2,0,0.128507032057366,Low
615,item13R1,0,-0.0502615286496033,Low
615,item13R2,0,-0.0813114397717454,Low
615,item14R1,1,0.0188292365772733,Low
615,item14R2,1,-0.109946466281371,Low
615,item15R1,0,-0.0711296352676632,Low
615,item15R2,1,-0.180056303808314,Low
615,item16R1,0,-0.0881571511058307,Low
615,item16R2,0,0.115798817906225,Low
615,item1R1,0,-0.00844388559106254,Low
615,item1R2,1,-0.0752244286883646,Low
615,item2R1,0,-0.0378699244138952,Low
615,item2R2,1,0.143843417513163,Low
615,item3R1,0,0.0497872883449238,Low
615,item3R2,1,0.0263098304214855,Low
615,item4R1,0,-0.0495619934651992,Low
615,item4R2,1,0.159552675604732,Low
615,item5R1,0,-0.0566759242925447,Low
615,item5R2,1,-0.0349178004229294,Low
615,item6R1,0,-0.106748091484408,Low
615,item6R2,1,0.128105269546712,Low
615,item7R1,0,-0.136426100467443,Low
615,item7R2,1,-0.0275145851820388,Low
615,item8R1,1,0.166332758426704,Low
615,item8R2,0,-0.0286905624060711,Low
615,item9R1,0,0.15412882716373,Low
615,item9R2,0,0.311258494795052,Low
617,item10R1,1,-0.0188703419855154,High
617,item10R2,1,-0.132478992741268,High
617,item11R1,1,-0.114190408518534,High
617,item11R2,1,0.0433430271071622,High
617,item12R1,0,0.0316810370496311,High
617,item12R2,0,0.072748937649824,High
617,item13R1,1,-0.0934012460842752,High
617,item13R2,1,0.0919995056811118,High
617,item14R1,0,-0.0692872461783622,High
617,item14R2,1,0.223688210454669,High
617,item15R1,0,-0.184473060476151,High
617,item15R2,1,-0.153248925312036,High
617,item16R1,1,-0.0150694658862206,High
617,item16R2,0,-0.0435164851507707,High
617,item1R1,0,0.114938495962869,High
617,item1R2,1,0.102233616746456,High
617,item2R1,1,-0.0795657324417805,High
617,item2R2,1,0.00142703088137257,High
617,item3R1,1,0.0359269951805132,High
617,item3R2,1,0.0545291987641266,High
617,item4R1,0,0.00659753847188139,High
617,item4R2,1,0.0182267733492388,High
617,item5R1,1,-0.0099932110417363,High
617,item5R2,1,-0.0602856813624458,High
617,item6R1,1,-0.056916823259691,High
617,item6R2,1,-0.125772604751399,High
617,item7R1,1,-0.0252329182253258,High
617,item7R2,0,0.137911848979303,High
617,item8R1,1,0.16074415842445,High
617,item8R2,1,-0.0701092176423652,High
617,item9R1,1,0.0657889690935944,High
617,item9R2,1,0.103114450167395,High
617,item10R1,0,0.232287703629762,Low
617,item10R2,1,-0.136176531215711,Low
617,item11R1,1,-0.092167794099011,Low
617,item11R2,1,-0.141849863647668,Low
617,item12R1,1,0.0148953906131886,Low
617,item12R2,1,-0.0410356197137051,Low
617,item13R1,1,-0.132576101659667,Low
617,item13R2,1,0.104900696899546,Low
617,item14R1,1,0.241120939497802,Low
617,item14R2,1,-0.12627394780269,Low
617,item15R1,1,-0.0305986415965379,Low
617,item15R2,0,0.129271406236416,Low
617,item16R1,1,0.0104246545966688,Low
617,item16R2,1,0.114013634782398,Low
617,item1R1,1,0.149809691003466,Low
617,item1R2,1,0.101234346065378,Low
617,item2R1,1,0.0806571551949174,Low
617,item2R2,1,0.0950573359658682,Low
617,item3R1,1,-0.0390918006101847,Low
617,item3R2,1,0.185592989397102,Low
617,item4R1,1,-0.0482502070812666,Low
617,item4R2,1,-0.0569343828655383,Low
617,item5R1,0,0.354224961222206,Low
617,item5R2,1,0.274004783222654,Low
617,item6R1,1,0.133751383054592,Low
617,item6R2,0,-0.105967547205071,Low
617,item7R1,1,0.00884762544111385,Low
617,item7R2,1,-0.0874804965037028,Low
617,item8R1,1,-0.00511208094879613,Low
617,item8R2,0,-0.117862219855252,Low
617,item9R1,1,-0.213810172825112,Low
617,item9R2,1,-0.0320928039381004,Low
622,item10R1,0,-0.048578502723994,High
622,item10R2,1,-0.113375739998808,High
622,item11R1,0,0.251140275483422,High
622,item11R2,1,0.127749522228525,High
622,item12R1,0,0.0569296998971588,High
622,item12R2,0,-0.135629819161376,High
622,item13R1,0,-0.0320963527048592,High
622,item13R2,0,0.0819339251031966,High
622,item14R1,0,0.0726564718844021,High
622,item14R2,1,0.0622668201989351,High
622,item15R1,1,0.0965931275649472,High
622,item15R2,0,-0.124363212236082,High
622,item16R1,0,-0.0627134938563048,High
622,item16R2,0,0.127723017389669,High
622,item1R1,1,-0.206005367168029,High
622,item1R2,0,0.0114684246525013,High
622,item2R1,0,0.0281587564359853,High
622,item2R2,1,-0.0275456212000622,High
622,item3R1,1,0.0750738565534004,High
622,item3R2,1,0.026727151830541,High
622,item4R1,0,-0.110879072537303,High
622,item4R2,0,0.359971263067931,High
622,item5R1,0,0.0227236201527732,High
622,item5R2,0,-0.00814464744777713,High
622,item6R1,1,-0.162356966879956,High
622,item6R2,0,-0.27406346312628,High
622,item7R1,1,-0.0778930798651872,High
622,item7R2,0,0.0888695492269783,High
622,item8R1,0,0.0429849337047963,High
622,item8R2,1,0.0318703734898876,High
622,item9R1,0,-0.201642371699723,High
622,item9R2,0,0.0363388968828001,High
622,item10R1,1,0.0210901793229452,Low
622,item10R2,0,0.125294772059331,Low
622,item11R1,0,0.166357282805965,Low
622,item11R2,1,-0.000670579531579405,Low
622,item12R1,0,0.0421823828824262,Low
622,item12R2,0,-0.0391834188298932,Low
622,item13R1,1,0.00449972570042471,Low
622,item13R2,0,-0.0806577257665355,Low
622,item14R1,1,-0.226746643931327,Low
622,item14R2,1,0.0533231878886325,Low
622,item15R1,1,-0.168251900367363,Low
622,item15R2,1,0.0434274681564145,Low
622,item16R1,1,0.156572835548028,Low
622,item16R2,1,0.16140206928183,Low
622,item1R1,0,0.0556153454274906,Low
622,item1R2,0,-0.190073772924388,Low
622,item2R1,0,0.0993539629530871,Low
622,item2R2,1,0.13452340264061,Low
622,item3R1,0,-0.0994467835479951,Low
622,item3R2,1,-0.118223582043576,Low
622,item4R1,0,-0.00766616338020052,Low
622,item4R2,1,0.0755028378677801,Low
622,item5R1,1,0.105341009351454,Low
622,item5R2,0,-0.0446996108867029,Low
622,item6R1,1,-0.00473250177843095,Low
622,item6R2,0,-0.0534203319667725,Low
622,item7R1,0,-0.01325007232842,Low
622,item7R2,1,-0.19225629264778,Low
622,item8R1,1,0.0793887072364168,Low
622,item8R2,0,0.0464207459652711,Low
622,item9R1,0,-0.0289117291706957,Low
622,item9R2,0,0.0872264943821693,Low
626,item10R1,0,0.131839047955264,High
626,item10R2,0,0.0408192718950346,High
626,item11R1,0,0.054537944722478,High
626,item11R2,0,0.0189784842943671,High
626,item12R1,0,0.0865603171485123,High
626,item12R2,1,0.125747672251056,High
626,item13R1,0,-0.00683093413786767,High
626,item13R2,0,-0.114889706338351,High
626,item14R1,0,0.0747073663154001,High
626,item14R2,1,-0.180674768395263,High
626,item15R1,0,0.0824681458752569,High
626,item15R2,0,-0.140723341563191,High
626,item16R1,1,0.0781152365264789,High
626,item16R2,0,0.214940430912681,High
626,item1R1,0,-0.128089410374405,High
626,item1R2,0,-0.050728142996634,High
626,item2R1,0,-0.0226187774831616,High
626,item2R2,0,-0.0231880137535745,High
626,item3R1,0,0.132792806806559,High
626,item3R2,1,-0.0326120802060324,High
626,item4R1,0,-0.204453091133419,High
626,item4R2,0,-0.258860242314352,High
626,item5R1,1,0.176720611639844,High
626,item5R2,1,0.0428313167902051,High
626,item6R1,0,0.0464674919962473,High
626,item6R2,1,-0.207426252008181,High
626,item7R1,0,-0.105113524040921,High
626,item7R2,1,-0.0634543737148479,High
626,item8R1,0,0.214256592365913,High
626,item8R2,0,-0.115420042155481,High
626,item9R1,0,-0.0420993315144209,High
626,item9R2,1,0.0168632741750987,High
626,item10R1,0,-0.0110246815469679,Low
626,item10R2,0,-0.223066012443878,Low
626,item11R1,0,0.00384219658777229,Low
626,item11R2,0,0.25676698817867,Low
626,item12R1,0,0.106605373873718,Low
626,item12R2,0,-0.172121255125683,Low
626,item13R1,0,0.0982537989105908,Low
626,item13R2,1,0.0063050646180096,Low
626,item14R1,0,0.0545794727027102,Low
626,item14R2,0,-0.0802175593946774,Low
626,item15R1,0,0.141253910520933,Low
626,item15R2,0,0.0565549058941604,Low
626,item16R1,0,-0.0256915860501228,Low
626,item16R2,1,0.0419227465222745,Low
626,item1R1,0,0.138987156722423,Low
626,item1R2,0,0.148819338999277,Low
626,item2R1,1,0.0148525216513805,Low
626,item2R2,1,-0.127834940884563,Low
626,item3R1,0,-0.00948843551529705,Low
626,item3R2,1,-0.0263408027049675,Low
626,item4R1,0,0.0505168532476203,Low
626,item4R2,0,0.00754931252092635,Low
626,item5R1,0,-0.0690592566740529,Low
626,item5R2,1,-0.0102130758634836,Low
626,item6R1,0,-0.173902752094876,Low
626,item6R2,1,-0.0294475693020114,Low
626,item7R1,0,-0.0215529883221946,Low
626,item7R2,1,0.0461067270795882,Low
626,item8R1,0,-0.0502882890302349,Low
626,item8R2,1,-0.130498900759045,Low
626,item9R1,1,-0.14354128188578,Low
626,item9R2,0,0.113930497783766,Low
627,item10R2,0,0.196660546907115,High
627,item11R2,1,0.0229152285696699,High
627,item12R2,0,0.107445663768425,High
627,item13R2,0,-0.0136449879535692,High
627,item14R2,0,-0.0491853154510143,High
627,item15R2,0,0.168636548655586,High
627,item16R2,0,-0.107062625724375,High
627,item1R2,0,0.00667381187459049,High
627,item2R2,0,0.0590479208523003,High
627,item3R2,0,0.191009375645242,High
627,item4R2,1,-0.0103744111872388,High
627,item5R2,1,0.220753634408636,High
627,item6R2,0,0.0997100455029047,High
627,item7R2,0,0.0929121389686076,High
627,item8R2,1,0.0540097778804162,High
627,item9R2,1,0.157923824161226,High
627,item10R2,0,-0.0273153995335435,Low
627,item11R2,1,0.0229771509571035,Low
627,item12R2,1,0.057048187607062,Low
627,item13R2,1,-0.19735045948336,Low
627,item14R2,1,0.0299047037081001,Low
627,item15R2,1,0.125977913400133,Low
627,item16R2,1,-0.043524065642669,Low
627,item1R2,1,-0.123256450091822,Low
627,item2R2,0,0.0875857434382144,Low
627,item3R2,1,0.00272345095942825,Low
627,item4R2,1,-0.0617458485626171,Low
627,item5R2,1,-0.073985970559174,Low
627,item6R2,1,-0.0572264202454434,Low
627,item7R2,0,-0.27094802996783,Low
627,item8R2,1,-0.143185356314535,Low
627,item9R2,0,-0.153132395922555,Low
629,item10R1,1,0.137434666632039,High
629,item10R2,1,-0.0514344459984364,High
629,item11R1,1,-0.0930042672084411,High
629,item11R2,1,-0.0742806226339535,High
629,item12R1,1,0.197214603720173,High
629,item12R2,0,0.0578646613668242,High
629,item13R1,1,0.0623295669211577,High
629,item13R2,1,-0.0990954402955103,High
629,item14R1,1,-0.135281351703255,High
629,item14R2,1,-0.0521320206486269,High
629,item15R1,1,-0.180810905488924,High
629,item15R2,0,-0.049853491232448,High
629,item16R1,1,-0.0755379109800987,High
629,item16R2,1,-0.157222961695335,High
629,item1R1,1,-0.273772589945112,High
629,item1R2,0,0.0565766833347137,High
629,item2R1,1,0.221646608637853,High
629,item2R2,0,-0.137143260336887,High
629,item3R1,1,-0.00232853013121675,High
629,item3R2,0,-0.0403426044613147,High
629,item4R1,1,-0.0213186985464514,High
629,item4R2,1,-0.188995479001163,High
629,item5R1,1,-0.164886865281764,High
629,item5R2,1,-0.0482147106687022,High
629,item6R1,1,-0.0278194362755079,High
629,item6R2,1,0.144788831022425,High
629,item7R1,1,-0.0359035729294286,High
629,item7R2,1,0.0264380926103813,High
629,item8R1,1,0.0915840951141104,High
629,item8R2,0,-0.146409777103716,High
629,item9R1,0,0.090607823247701,High
629,item9R2,0,0.0066874550770595,High
629,item10R1,1,-0.0337842851337817,Low
629,item10R2,1,-0.0267603607951255,Low
629,item11R1,0,0.0341245959206967,Low
629,item11R2,0,-0.207882055387065,Low
629,item12R1,1,0.0995119772238688,Low
629,item12R2,0,-0.0458657282425942,Low
629,item13R1,1,0.0170074931610588,Low
629,item13R2,0,0.0757224080880381,Low
629,item14R1,1,-0.0607579743640327,Low
629,item14R2,0,0.0909651339614671,Low
629,item15R1,1,0.0572958989705274,Low
629,item15R2,1,-0.0524849615183502,Low
629,item16R1,1,0.0385803903156848,Low
629,item16R2,0,0.163825200823837,Low
629,item1R1,0,-0.10788293740838,Low
629,item1R2,0,0.0964013385276612,Low
629,item2R1,0,-0.0836281736890739,Low
629,item2R2,1,-0.006394437417435,Low
629,item3R1,1,0.0468732744806065,Low
629,item3R2,1,-0.0343757433111055,Low
629,item4R1,1,-0.0723073239745753,Low
629,item4R2,0,0.0700222634347682,Low
629,item5R1,1,0.133072374681775,Low
629,item5R2,1,0.0646674403160626,Low
629,item6R1,0,0.09164851624564,Low
629,item6R2,1,0.175122451537392,Low
629,item7R1,0,0.0130384417079771,Low
629,item7R2,1,-0.156129998088617,Low
629,item8R1,1,-0.158922760369695,Low
629,item8R2,0,0.0853282256111713,Low
629,item9R1,1,-0.0612481466399704,Low
629,item9R2,1,0.121300309270317,Low
631,item10R1,1,0.0539870217234609,High
631,item11R1,0,-0.188075062035631,High
631,item12R1,1,-0.19166578828744,High
631,item13R1,0,-0.117552228897874,High
631,item14R1,1,0.186673117573149,High
631,item15R1,1,-0.0540275938254404,High
631,item16R1,0,-0.102165577088664,High
631,item1R1,0,0.26114264841918,High
631,item2R1,0,-0.170846313929441,High
631,item3R1,0,0.002358220315473,High
631,item4R1,0,0.0956176145076566,High
631,item5R1,0,0.106488435238397,High
631,item6R1,0,-0.0969420765743728,High
631,item7R1,1,-0.0609130759167239,High
631,item8R1,1,-0.103601419734809,High
631,item9R1,0,-0.363096475374502,High
631,item10R1,0,0.0789080538561114,Low
631,item11R1,0,0.208210586137539,Low
631,item12R1,0,-0.222428086532744,Low
631,item13R1,0,-0.0256018881557302,Low
631,item14R1,0,0.0957191584214133,Low
631,item15R1,1,0.0489529062361849,Low
631,item16R1,0,-0.100272840725929,Low
631,item1R1,0,-0.193380524536071,Low
631,item2R1,1,-0.160784933915785,Low
631,item3R1,1,-0.145709902083679,Low
631,item4R1,0,0.0676164251475932,Low
631,item5R1,0,-0.0437295094876201,Low
631,item6R1,1,-0.160886101497823,Low
631,item7R1,1,0.18043742258634,Low
631,item8R1,1,0.0741433129677568,Low
631,item9R1,0,-0.0936073140594373,Low
634,item10R1,1,-0.202479864019178,High
634,item11R1,1,-0.247734394941243,High
634,item12R1,0,-0.0112188046735433,High
634,item13R1,1,0.00539302015740384,High
634,item14R1,1,0.00732750826706536,High
634,item15R1,1,0.0391425900627566,High
634,item16R1,1,0.108611297600192,High
634,item1R1,1,-0.190990591267203,High
634,item2R1,0,-0.123389933351574,High
634,item3R1,0,0.135706644456765,High
634,item4R1,1,-0.0994239041430636,High
634,item5R1,0,0.0949799721377836,High
634,item6R1,1,-0.161244727469658,High
634,item7R1,0,-0.027705846729734,High
634,item8R1,1,0.159191016705819,High
634,item9R1,0,0.0790661600618993,High
634,item10R1,0,0.0424721533249979,Low
634,item11R1,1,0.025198208818225,Low
634,item12R1,1,0.177116220053646,Low
634,item13R1,1,-0.0636026491032814,Low
634,item14R1,0,-0.00245704104003462,Low
634,item15R1,1,-0.00519428570738647,Low
634,item16R1,0,0.0758987130694475,Low
634,item1R1,0,0.180981674774537,Low
634,item2R1,0,0.0955202303204181,Low
634,item3R1,1,-0.158779096379258,Low
634,item4R1,0,-0.136694015058222,Low
634,item5R1,0,0.0497430358593026,Low
634,item6R1,0,0.0594082499957717,Low
634,item7R1,0,0.0638703588960709,Low
634,item8R1,1,-0.0597356086005813,Low
634,item9R1,0,0.11998996936348,Low
635,item10R1,1,-0.220194917667623,High
635,item10R2,1,0.00804774752630712,High
635,item11R1,1,0.0311394056638331,High
635,item11R2,1,-0.123097264029957,High
635,item12R1,0,0.271664921949694,High
635,item12R2,1,0.0341096797315764,High
635,item13R1,1,0.138633142080444,High
635,item13R2,1,-0.0931305741457353,High
635,item14R1,1,0.0109331151523306,High
635,item14R2,1,0.238321925324338,High
635,item15R1,1,0.0199475268642121,High
635,item15R2,1,0.093201099334563,High
635,item16R1,1,-0.0212183686324619,High
635,item16R2,1,0.0442162494125428,High
635,item1R1,1,-0.0196389499225934,High
635,item1R2,0,0.0738598150514418,High
635,item2R1,1,-0.158943547474525,High
635,item2R2,0,-0.078029576748575,High
635,item3R1,0,0.0997385589165761,High
635,item3R2,1,0.0383017838745984,High
635,item4R1,1,-0.138856539712245,High
635,item4R2,0,0.0459879772532393,High
635,item5R1,0,-0.0925305980726762,High
635,item5R2,0,-0.170726268959091,High
635,item6R1,1,-0.0899228200105489,High
635,item6R2,1,-0.109987222117832,High
635,item7R1,0,0.372259840715881,High
635,item7R2,1,0.0366090233949185,High
635,item8R1,1,-0.122898600852934,High
635,item8R2,1,-0.160719084576671,High
635,item9R1,1,-0.153380328526766,High
635,item9R2,0,0.110909583720285,High
635,item10R1,0,0.341833965135044,Low
635,item10R2,1,-0.0427070739630687,Low
635,item11R1,0,0.0382788721905549,Low
635,item11R2,0,0.117185488550237,Low
635,item12R1,0,-0.0542760473766066,Low
635,item12R2,1,0.00742964180036067,Low
635,item13R1,1,0.0547200727822272,Low
635,item13R2,1,-0.00591479237297389,Low
635,item14R1,1,0.0507125109983445,Low
635,item14R2,0,0.0836668506526085,Low
635,item15R1,0,-0.0860430077552429,Low
635,item15R2,1,0.14680217142893,Low
635,item16R1,0,-0.101898463390487,Low
635,item16R2,0,0.0363981770785205,Low
635,item1R1,0,-0.116331919428187,Low
635,item1R2,1,0.117086389922178,Low
635,item2R1,1,-0.00896047581247614,Low
635,item2R2,1,0.129352590829669,Low
635,item3R1,0,0.123952944251821,Low
635,item3R2,0,-0.21546189668062,Low
635,item4R1,1,0.071423933689971,Low
635,item4R2,0,-0.0067012989759464,Low
635,item5R1,0,-0.115415258083537,Low
635,item5R2,0,-0.106472247290628,Low
635,item6R1,0,-0.0870712268993729,Low
635,item6R2,0,0.0158151521337376,Low
635,item7R1,1,0.125094111325257,Low
635,item7R2,1,0.160723274828371,Low
635,item8R1,0,-0.0172893781972064,Low
635,item8R2,0,0.0151518850665181,Low
635,item9R1,1,-0.134233940409542,Low
635,item9R2,0,0.153770915423086,Low
636,item10R1,1,-0.0197986788583766,High
636,item10R2,0,-0.297003143862553,High
636,item11R1,1,0.0354430510508775,High
636,item11R2,0,0.071416141881344,High
636,item12R1,0,-0.00146497268884674,High
636,item12R2,0,-0.0122516880569056,High
636,item13R1,0,-0.142451596974795,High
636,item13R2,1,0.0286942926579001,High
636,item14R1,0,0.0371793438291778,High
636,item14R2,1,-0.11632326208138,High
636,item15R1,0,0.0353683234770066,High
636,item15R2,1,-0.00995959485158389,High
636,item16R1,1,0.0584149618092306,High
636,item16R2,0,0.278624803033728,High
636,item1R1,0,-0.0679147196657769,High
636,item1R2,0,-0.0736887731920236,High
636,item2R1,0,0.0950943044808064,High
636,item2R2,1,0.203498339947719,High
636,item3R1,0,0.0178793834203506,High
636,item3R2,1,0.10294445588932,High
636,item4R1,0,-0.0194022386140807,High
636,item4R2,0,-0.0368553447114256,High
636,item5R1,0,-0.10298020003084,High
636,item5R2,0,0.015052462993189,High
636,item6R1,0,0.0713627334459115,High
636,item6R2,1,0.0180132630343614,High
636,item7R1,0,-0.161183910026815,High
636,item7R2,0,-0.0739773318982348,High
636,item8R1,0,0.228966377904589,High
636,item8R2,1,0.0294698462902163,High
636,item9R1,0,0.0346077553248035,High
636,item9R2,0,0.246341932947354,High
636,item10R1,1,0.137569452134615,Low
636,item10R2,1,0.20843695225161,Low
636,item11R1,0,0.00627384760170166,Low
636,item11R2,0,-0.167903218620721,Low
636,item12R1,0,-0.00916479931137941,Low
636,item12R2,1,-0.151729190317174,Low
636,item13R1,0,0.0460537109301488,Low
636,item13R2,0,-0.038042274524107,Low
636,item14R1,0,0.0169174538201427,Low
636,item14R2,1,0.0976263809045808,Low
636,item15R1,0,0.065523934590789,Low
636,item15R2,0,0.100974048742067,Low
636,item16R1,0,0.0671990079271619,Low
636,item16R2,1,-0.0842394111749885,Low
636,item1R1,0,0.041535545994473,Low
636,item1R2,1,-0.0209404326449897,Low
636,item2R1,1,0.0709148246671033,Low
636,item2R2,0,0.0562643910692977,Low
636,item3R1,1,-0.213699668809899,Low
636,item3R2,0,0.121250096498781,Low
636,item4R1,0,0.153427448982217,Low
636,item4R2,1,-0.202833079824091,Low
636,item5R1,0,0.159593223288645,Low
636,item5R2,0,-0.0626677828333633,Low
636,item6R1,0,0.152328043693408,Low
636,item6R2,1,-0.0368336080912191,Low
636,item7R1,0,0.0373772438541806,Low
636,item7R2,1,-0.196677677731792,Low
636,item8R1,0,0.117291977262932,Low
636,item8R2,1,-0.250790283593639,Low
636,item9R1,0,-0.0666770380647609,Low
636,item9R2,1,0.0857728589450562,Low
637,item10R1,1,-0.0533964061083178,High
637,item10R2,1,-0.0228109135972042,High
637,item11R1,1,-0.0158741628423291,High
637,item11R2,1,-0.0213870551552806,High
637,item12R1,0,0.0982171287562238,High
637,item12R2,0,-0.0836314148042187,High
637,item13R1,0,0.147422344893057,High
637,item13R2,0,-0.0511828496697791,High
637,item14R1,0,0.0196392393284727,High
637,item14R2,0,-0.0154269594028481,High
637,item15R1,0,-0.21602230706847,High
637,item15R2,0,0.0618784835320453,High
637,item16R1,0,-0.202953206761107,High
637,item16R2,0,0.0564198220009021,High
637,item1R1,1,0.0716199141421618,High
637,item1R2,0,0.123342483395679,High
637,item2R1,0,-0.127349693882032,High
637,item2R2,0,-0.100007916114706,High
637,item3R1,1,-0.0450389171702634,High
637,item3R2,0,-0.0250787823252728,High
637,item4R1,0,-0.019994703152838,High
637,item4R2,1,-0.0348983734706006,High
637,item5R1,0,0.00140213746060137,High
637,item5R2,0,-0.148343201226303,High
637,item6R1,1,0.156711707294065,High
637,item6R2,0,0.0426304945243031,High
637,item7R1,1,-0.0209044314669458,High
637,item7R2,0,-0.0475570652363166,High
637,item8R1,1,-0.0347957088397971,High
637,item8R2,0,-0.126187530348037,High
637,item9R1,1,0.0114600031001755,High
637,item9R2,0,0.00811253770260079,High
637,item10R1,0,0.0765991409071733,Low
637,item10R2,1,0.0872262465305945,Low
637,item11R1,0,0.153276555273536,Low
637,item11R2,1,0.0858716198469248,Low
637,item12R1,1,0.20614378426572,Low
637,item12R2,0,-0.0254329759688263,Low
637,item13R1,1,0.105187337666064,Low
637,item13R2,1,-0.191274066795004,Low
637,item14R1,1,0.0208166555058976,Low
637,item14R2,0,-0.177230499187857,Low
637,item15R1,1,-0.0122457882844388,Low
637,item15R2,1,-0.0821513912953679,Low
637,item16R1,0,-0.0571601677942128,Low
637,item16R2,1,-0.0648233143545986,Low
637,item1R1,1,0.182103796483068,Low
637,item1R2,1,-0.00393432242775431,Low
637,item2R1,1,-0.0562058145008783,Low
637,item2R2,0,-0.0334646853715989,Low
637,item3R1,0,-0.05648981745671,Low
637,item3R2,1,0.0386302395515304,Low
637,item4R1,0,-0.00201775767180402,Low
637,item4R2,0,0.0444582614114186,Low
637,item5R1,1,-0.0192262372202671,Low
637,item5R2,0,0.116517248868582,Low
637,item6R1,1,0.115021432841388,Low
637,item6R2,0,-0.104250434918326,Low
637,item7R1,1,0.139719368706767,Low
637,item7R2,0,-0.263507904074277,Low
637,item8R1,1,-0.0839148835924646,Low
637,item8R2,0,0.0169822659015831,Low
637,item9R1,0,0.0771881642998904,Low
637,item9R2,0,-0.0953393127957217,Low
638,item10R1,0,0.0828770440512197,High
638,item10R2,0,-0.0704439083227612,High
638,item11R1,1,0.0382431407575512,High
638,item11R2,1,0.159996024024773,High
638,item12R1,0,0.318586117898956,High
638,item12R2,1,-0.0567189311997265,High
638,item13R1,0,-0.0329067864175987,High
638,item13R2,1,0.208438159104506,High
638,item14R1,0,0.0822893703952375,High
638,item14R2,1,0.0777327500776021,High
638,item15R1,1,-0.0450017079240724,High
638,item15R2,0,0.0396266477063062,High
638,item16R1,0,0.0787205425892572,High
638,item16R2,0,-0.153550494059085,High
638,item1R1,0,0.193950128429824,High
638,item1R2,1,-0.206504112016262,High
638,item2R1,0,0.153878060448123,High
638,item2R2,0,-0.311686750423986,High
638,item3R1,0,0.0224376668348975,High
638,item3R2,0,-0.0142907145376587,High
638,item4R1,0,0.0642784117619141,High
638,item4R2,0,0.00647391394954687,High
638,item5R1,0,0.206122003249687,High
638,item5R2,0,0.0314232626485907,High
638,item6R1,0,0.0270726563504635,High
638,item6R2,0,0.0429876211404827,High
638,item7R1,1,0.245071297062072,High
638,item7R2,0,0.00486972737363805,High
638,item8R1,1,-0.0769874468308855,High
638,item8R2,1,-0.0154703769650032,High
638,item9R1,1,0.180343060055721,High
638,item9R2,0,0.227743818929658,High
638,item10R1,0,0.0757056093943875,Low
638,item10R2,0,0.00136587887591667,Low
638,item11R1,1,0.157599230735205,Low
638,item11R2,0,0.175335637191611,Low
638,item12R1,0,-0.045796534777715,Low
638,item12R2,0,0.156714409750599,Low
638,item13R1,0,0.105864794537558,Low
638,item13R2,0,0.114837264747708,Low
638,item14R1,0,0.25936099645409,Low
638,item14R2,1,0.0159771887077962,Low
638,item15R1,1,-0.042830195735685,Low
638,item15R2,0,0.180987217228475,Low
638,item16R1,0,-0.12040218162857,Low
638,item16R2,1,0.179647794979596,Low
638,item1R1,0,0.353200059904054,Low
638,item1R2,0,-0.129521068217807,Low
638,item2R1,0,0.00113108714395839,Low
638,item2R2,0,-0.0298834460751916,Low
638,item3R1,1,-0.0357760276683181,Low
638,item3R2,0,0.130158964723076,Low
638,item4R1,0,0.0530466035193108,Low
638,item4R2,0,0.174604583250034,Low
638,item5R1,1,0.0240256363577736,Low
638,item5R2,0,-0.146047194083082,Low
638,item6R1,0,0.0804948099623568,Low
638,item6R2,0,0.0724280772592482,Low
638,item7R1,0,0.159184824846093,Low
638,item7R2,0,0.0697278481583468,Low
638,item8R1,0,-0.0999230841022639,Low
638,item8R2,0,-0.125913849470155,Low
638,item9R1,0,0.0207547302249543,Low
638,item9R2,0,-0.0137112721484406,Low
641,item10R1,1,0.0192017609513459,High
641,item10R2,1,0.108058684067424,High
641,item11R1,0,-0.158766928382198,High
641,item11R2,0,-0.0548613688543487,High
641,item12R1,1,0.0334628766853709,High
641,item12R2,1,0.0464261338303211,High
641,item13R1,1,-0.0113546360422905,High
641,item13R2,1,0.0728435725089006,High
641,item14R1,1,0.152074956693211,High
641,item14R2,1,0.0773128379465608,High
641,item15R1,1,-0.0720895415448515,High
641,item15R2,1,0.205797024681476,High
641,item16R1,1,-0.0716732353014924,High
641,item16R2,1,0.0751396437859508,High
641,item1R1,1,0.0517423505236097,High
641,item1R2,1,-0.233343967657809,High
641,item2R1,1,-0.0751176598888378,High
641,item2R2,1,0.076599829041023,High
641,item3R1,0,0.0533629920083382,High
641,item3R2,1,0.0794916827563056,High
641,item4R1,1,-0.059167401876767,High
641,item4R2,0,0.0327468405604441,High
641,item5R1,0,-0.164195293395167,High
641,item5R2,1,0.00732777980853053,High
641,item6R1,1,0.145997867122892,High
641,item6R2,1,-0.00250514014944847,High
641,item7R1,1,-0.100917828638316,High
641,item7R2,1,0.127155276768282,High
641,item8R1,0,-0.086123868518295,High
641,item8R2,1,0.0855340992792512,High
641,item9R1,1,-0.132466390004983,High
641,item9R2,0,0.325387331392367,High
641,item10R1,1,0.149044062348134,Low
641,item10R2,1,-0.000118313357943627,Low
641,item11R1,0,0.0773081603183594,Low
641,item11R2,0,0.203476804763207,Low
641,item12R1,1,0.0533848320236898,Low
641,item12R2,1,-0.0498329685570467,Low
641,item13R1,0,-0.24562151629642,Low
641,item13R2,1,0.143835986254644,Low
641,item14R1,0,0.00737393474707959,Low
641,item14R2,1,0.186855872331977,Low
641,item15R1,1,0.115264840445509,Low
641,item15R2,1,0.0830655649574332,Low
641,item16R1,1,-0.076028530075374,Low
641,item16R2,1,-0.047851535967894,Low
641,item1R1,0,-0.146948831945372,Low
641,item1R2,0,0.0398278427880254,Low
641,item2R1,0,-0.15553283392249,Low
641,item2R2,0,-0.0851140746047424,Low
641,item3R1,1,0.136648489586251,Low
641,item3R2,0,-0.0351730890924472,Low
641,item4R1,0,-0.118220652781316,Low
641,item4R2,1,0.0807319802707168,Low
641,item5R1,1,0.0108338586250897,Low
641,item5R2,1,0.0840971208630832,Low
641,item6R1,1,0.323038379116734,Low
641,item6R2,1,0.143151930244096,Low
641,item7R1,1,-0.114173307067732,Low
641,item7R2,1,0.108187435640028,Low
641,item8R1,0,0.0394993165569068,Low
641,item8R2,1,-0.0260729604950488,Low
641,item9R1,0,0.0594864822344635,Low
641,item9R2,0,0.160426017076303,Low
642,item10R1,1,0.00232817233421022,High
642,item10R2,1,0.102758553064719,High
642,item11R1,1,0.0865745260393121,High
642,item11R2,1,0.137736802226053,High
642,item12R1,0,0.00163197644011905,High
642,item12R2,1,0.085040125896557,High
642,item13R1,1,-0.0495475267603203,High
642,item13R2,1,0.0791844763135454,High
642,item14R1,0,-0.29391959312927,High
642,item14R2,0,-0.0702775007622974,High
642,item15R1,0,0.0925900747551024,High
642,item15R2,0,0.139147509401255,High
642,item16R1,1,-0.0708402148231869,High
642,item16R2,0,0.129890174383494,High
642,item1R1,0,0.0419294178322861,High
642,item1R2,0,-0.0427654827152213,High
642,item2R1,1,-0.122884825594748,High
642,item2R2,1,0.00780775529955198,High
642,item3R1,1,-0.018100256759448,High
642,item3R2,0,-0.0684133915431484,High
642,item4R1,1,0.0323004084721303,High
642,item4R2,1,0.11101707886564,High
642,item5R1,0,-0.0361449397182128,High
642,item5R2,0,0.0313623956968235,High
642,item6R1,1,-0.205511803079129,High
642,item6R2,0,0.0809088376663041,High
642,item7R1,0,-0.231210389993194,High
642,item7R2,1,0.0941883207526274,High
642,item8R1,1,0.0205631713624941,High
642,item8R2,1,0.08684759164724,High
642,item9R1,1,0.0163647555408635,High
642,item9R2,1,0.0181997103804443,High
642,item10R1,0,0.0362499374931172,Low
642,item10R2,1,0.239943221257025,Low
642,item11R1,0,0.0931154117550935,Low
642,item11R2,0,-0.0160779793542431,Low
642,item12R1,1,0.0213124400463211,Low
642,item12R2,1,0.0172718152799043,Low
642,item13R1,1,0.0857076708906056,Low
642,item13R2,1,0.100863158700601,Low
642,item14R1,1,0.0486806949145707,Low
642,item14R2,0,0.154040428840534,Low
642,item15R1,1,0.0751728620446401,Low
642,item15R2,1,0.109525444071726,Low
642,item16R1,1,-0.0160821893576695,Low
642,item16R2,1,0.0976846175714983,Low
642,item1R1,1,-0.20874916552734,Low
642,item1R2,1,0.00713407216492818,Low
642,item2R1,1,-0.152402380833721,Low
642,item2R2,0,0.294992395168337,Low
642,item3R1,1,0.107960927883505,Low
642,item3R2,0,0.163874466610317,Low
642,item4R1,0,0.117051670535175,Low
642,item4R2,1,-0.0539661235202501,Low
642,item5R1,0,0.032825904655438,Low
642,item5R2,0,-0.125839595550102,Low
642,item6R1,1,0.0591949848231741,Low
642,item6R2,0,0.0897856799384155,Low
642,item7R1,0,0.100879823867055,Low
642,item7R2,0,0.0324618051221667,Low
642,item8R1,1,-0.129100329051244,Low
642,item8R2,0,-0.0464261377149711,Low
642,item9R1,0,0.0529398368986732,Low
642,item9R2,1,0.0551185541099211,Low
643,item10R1,0,0.167916031356089,High
643,item10R2,1,0.0965043367837301,High
643,item11R1,0,-0.0441533158296728,High
643,item11R2,1,0.0419994025734104,High
643,item12R1,0,-0.0941555019651994,High
643,item12R2,0,-0.0342804678377034,High
643,item13R1,0,-0.00330169751462265,High
643,item13R2,0,-0.0570322136561205,High
643,item14R1,1,-0.232404044074789,High
643,item14R2,1,-0.0934122833562679,High
643,item15R1,1,-0.0422793898585116,High
643,item15R2,0,-0.00526493728480831,High
643,item16R1,1,0.153003451518741,High
643,item16R2,1,0.0919415312707346,High
643,item1R1,0,-0.0821117649244194,High
643,item1R2,0,0.0564200661416318,High
643,item2R1,0,0.0089988359598759,High
643,item2R2,0,-0.010281362880128,High
643,item3R1,0,-0.0147849227150443,High
643,item3R2,0,-0.178906695189239,High
643,item4R1,0,0.0662891776402378,High
643,item4R2,0,0.0177849694104906,High
643,item5R1,1,0.103020249395993,High
643,item5R2,0,-0.113993865001771,High
643,item6R1,0,0.156844295577261,High
643,item6R2,0,0.00688722761026915,High
643,item7R1,0,-0.154503403616354,High
643,item7R2,1,-0.0977116354999266,High
643,item8R1,0,-0.169328014333509,High
643,item8R2,1,0.101071698189654,High
643,item9R1,0,-0.0118059171303496,High
643,item9R2,0,0.145146622184623,High
643,item10R1,1,0.104224056375831,Low
643,item10R2,1,-0.00192624302947665,Low
643,item11R1,0,-0.0163380040395643,Low
643,item11R2,1,0.0305155937473912,Low
643,item12R1,0,0.130883222385262,Low
643,item12R2,0,-0.0596824366320272,Low
643,item13R1,1,0.0136453224537503,Low
643,item13R2,0,-0.0639556711254354,Low
643,item14R1,1,-0.0183141597111266,Low
643,item14R2,0,-0.0416324267652039,Low
643,item15R1,1,-0.0234982473408288,Low
643,item15R2,0,-0.00506674748656944,Low
643,item16R1,0,-0.137195825983053,Low
643,item16R2,1,-0.0753878699154694,Low
643,item1R1,1,-0.301714766908199,Low
643,item1R2,0,0.164375393861084,Low
643,item2R1,0,-0.0354656861567376,Low
643,item2R2,1,0.123794814178659,Low
643,item3R1,0,-0.141712765337368,Low
643,item3R2,1,0.169759035083753,Low
643,item4R1,1,0.0841935844830278,Low
643,item4R2,1,0.147410812048561,Low
643,item5R1,0,-0.0447025188643062,Low
643,item5R2,1,0.0818212172160787,Low
643,item6R1,1,0.0105641910312623,Low
643,item6R2,0,-0.203281033137098,Low
643,item7R1,0,0.128253603507123,Low
643,item7R2,0,-0.261637604666061,Low
643,item8R1,1,-0.0134663157506844,Low
643,item8R2,1,0.269174880642037,Low
643,item9R1,1,-0.0945128543883732,Low
643,item9R2,0,-0.171919410119547,Low
644,item10R1,1,0.0396361839438978,High
644,item10R2,1,-0.124179828375727,High
644,item11R1,1,-0.270317570125261,High
644,item11R2,1,-0.00408506792152006,High
644,item12R1,1,-0.0487026265645612,High
644,item12R2,1,0.0552088046399476,High
644,item13R1,1,0.0866439891616109,High
644,item13R2,1,0.0883697973348946,High
644,item14R1,0,-0.0826060431313589,High
644,item14R2,1,-0.0852346446091928,High
644,item15R1,1,0.129184391299837,High
644,item15R2,1,0.0759971344068274,High
644,item16R1,1,0.327861219790563,High
644,item16R2,1,-0.0769086621133457,High
644,item1R1,0,0.154378381774018,High
644,item1R2,1,-0.0441607377284579,High
644,item2R1,1,0.199470645719681,High
644,item2R2,1,0.000201672500874134,High
644,item3R1,1,0.210726194980829,High
644,item3R2,1,0.143426385909716,High
644,item4R1,0,0.043718264043716,High
644,item4R2,1,0.134407598083168,High
644,item5R1,1,-0.00969989562857488,High
644,item5R2,1,-0.0756547850324339,High
644,item6R1,0,0.166009986398271,High
644,item6R2,1,-0.182912357130675,High
644,item7R1,0,0.156279106727602,High
644,item7R2,1,-0.0680378921751655,High
644,item8R1,1,-0.102389822203066,High
644,item8R2,0,0.101159818297355,High
644,item9R1,1,-0.234126104254074,High
644,item9R2,1,0.101944449757619,High
644,item10R1,1,0.0112344265751848,Low
644,item10R2,1,-0.0694428184699264,Low
644,item11R1,1,0.060132101603206,Low
644,item11R2,1,-0.0807493252153195,Low
644,item12R1,1,0.116173296707649,Low
644,item12R2,1,0.0159655525357708,Low
644,item13R1,1,0.179071464389506,Low
644,item13R2,1,0.0373927681161201,Low
644,item14R1,0,-0.00211660696518355,Low
644,item14R2,1,0.101440352861689,Low
644,item15R1,1,-0.0109963692903163,Low
644,item15R2,1,0.0748505588002899,Low
644,item16R1,1,-0.0842115324521013,Low
644,item16R2,1,-0.0676787391604294,Low
644,item1R1,1,0.158129143613225,Low
644,item1R2,1,-0.197086583242871,Low
644,item2R1,1,-0.133100424543194,Low
644,item2R2,1,0.0875342701670615,Low
644,item3R1,0,-0.00211243815967813,Low
644,item3R2,1,-0.0775951108091667,Low
644,item4R1,1,0.0399086441229352,Low
644,item4R2,1,0.0433862420179896,Low
644,item5R1,0,-0.0644718186965225,Low
644,item5R2,1,0.0405358053995164,Low
644,item6R1,1,0.149317980964035,Low
644,item6R2,1,-0.0207118552409707,Low
644,item7R1,1,-0.104233904334652,Low
644,item7R2,1,0.0399595180537189,Low
644,item8R1,1,-0.046362469364692,Low
644,item8R2,0,-0.0299982174618099,Low
644,item9R1,1,0.0772785643563688,Low
644,item9R2,1,-0.113645535533839,Low
645,item10R1,1,0.0297850115034788,High
645,item11R1,1,-0.128117443983855,High
645,item12R1,0,-0.220571985422716,High
645,item13R1,1,-0.0805031237436869,High
645,item14R1,1,-0.0910704988363423,High
645,item15R1,0,-0.0310162312665577,High
645,item16R1,0,0.0645257275091068,High
645,item1R1,0,0.158274013914917,High
645,item2R1,1,-0.0443103764269573,High
645,item3R1,0,-0.0268371654933627,High
645,item4R1,0,-0.0466286006307052,High
645,item5R1,1,0.138264710843658,High
645,item6R1,1,-0.0112169109469149,High
645,item7R1,1,0.0590419073544688,High
645,item8R1,1,0.0629027934353379,High
645,item9R1,1,0.064901142064043,High
645,item10R1,0,0.130376740193733,Low
645,item11R1,0,0.0442716347930705,Low
645,item12R1,0,0.156743002875939,Low
645,item13R1,0,-0.208786233143377,Low
645,item14R1,0,0.00824034932816944,Low
645,item15R1,1,-0.0436268982508734,Low
645,item16R1,1,0.0990506192141583,Low
645,item1R1,1,-0.0581873126817083,Low
645,item2R1,0,0.0713060241503102,Low
645,item3R1,1,-0.0571872943820896,Low
645,item4R1,0,0.0993447420433557,Low
645,item5R1,0,-0.141624461365821,Low
645,item6R1,0,-0.0360819844557563,Low
645,item7R1,1,0.0789491999339225,Low
645,item8R1,1,-0.00921968891473678,Low
645,item9R1,1,0.0234211497571615,Low
646,item10R1,1,0.0645287674500692,High
646,item10R2,1,-0.0779969365064011,High
646,item11R1,1,0.14112525228647,High
646,item11R2,0,0.0216232198885246,High
646,item12R1,0,-0.043599113380806,High
646,item12R2,0,0.151742733200139,High
646,item13R1,1,0.13785989387307,High
646,item13R2,0,0.0804649720555444,High
646,item14R1,0,-0.0463011116568009,High
646,item14R2,0,0.164392215324708,High
646,item15R1,0,0.116151962874941,High
646,item15R2,1,-0.000929915727214703,High
646,item16R1,0,0.247854871110887,High
646,item16R2,0,0.0532151169902996,High
646,item1R1,1,-0.117611417788689,High
646,item1R2,0,0.195405088647318,High
646,item2R1,1,0.0512407401911086,High
646,item2R2,1,-0.0212388096701486,High
646,item3R1,0,-0.00304108933741175,High
646,item3R2,0,-0.0621487144345902,High
646,item4R1,1,0.0320905803088773,High
646,item4R2,0,-0.040782012747355,High
646,item5R1,0,-0.0108740459773378,High
646,item5R2,1,0.093376955968103,High
646,item6R1,0,0.142644953365657,High
646,item6R2,1,0.0411627655717545,High
646,item7R1,1,0.101961163080055,High
646,item7R2,1,0.117204335392652,High
646,item8R1,1,-0.0227078418407853,High
646,item8R2,1,0.0191427620956327,High
646,item9R1,0,-0.0457070529786594,High
646,item9R2,0,0.152878274613906,High
646,item10R1,1,0.185841958100354,Low
646,item10R2,1,-0.000693710972150863,Low
646,item11R1,1,-0.0651972090798627,Low
646,item11R2,1,0.047662629652361,Low
646,item12R1,1,0.0977617372015297,Low
646,item12R2,0,-0.0427846802350998,Low
646,item13R1,1,-0.0832530026577043,Low
646,item13R2,1,-0.0889838093881718,Low
646,item14R1,0,-0.092483945787079,Low
646,item14R2,0,0.0389185744591057,Low
646,item15R1,1,0.0580338090355671,Low
646,item15R2,0,0.136440736117822,Low
646,item16R1,1,0.0737652622759829,Low
646,item16R2,0,0.194682438419067,Low
646,item1R1,0,0.0467763100382647,Low
646,item1R2,0,0.0995139077561371,Low
646,item2R1,0,0.0770093445002609,Low
646,item2R2,0,0.0181655037511164,Low
646,item3R1,0,0.191910509358737,Low
646,item3R2,1,-0.235724594814235,Low
646,item4R1,0,-0.211896872341695,Low
646,item4R2,1,0.151857511195996,Low
646,item5R1,0,-0.0541423718828161,Low
646,item5R2,1,0.0896892016311519,Low
646,item6R1,0,-0.0353168095594839,Low
646,item6R2,0,-0.042611542942665,Low
646,item7R1,0,-0.121440723610394,Low
646,item7R2,1,0.189796564003563,Low
646,item8R1,0,-0.00758298213210787,Low
646,item8R2,0,0.126427655301584,Low
646,item9R1,0,0.069856959115602,Low
646,item9R2,1,0.157854863809277,Low
647,item10R1,1,0.134816443499038,High
647,item10R2,0,-0.0738111840189696,High
647,item11R1,0,-0.121707956611791,High
647,item11R2,1,0.0763978413263564,High
647,item12R1,0,0.0484598746138364,High
647,item12R2,1,-0.0848809598290616,High
647,item13R1,1,-0.0551411228188351,High
647,item13R2,1,-0.0781083442452929,High
647,item14R1,0,0.00117553841428013,High
647,item14R2,0,0.142672824110122,High
647,item15R1,1,-0.0326165760173502,High
647,item15R2,1,0.117492720850834,High
647,item16R1,0,0.271317056591836,High
647,item16R2,0,-0.0561217516706095,High
647,item1R1,0,-0.0634655669760153,High
647,item1R2,0,-0.129282788740935,High
647,item2R1,0,-0.0424437903865084,High
647,item2R2,0,-0.0732151237944834,High
647,item3R1,1,0.00940304188979989,High
647,item3R2,1,-0.0689227204644632,High
647,item4R1,0,-0.0784350741806093,High
647,item4R2,0,-0.0216158651944648,High
647,item5R1,0,-0.063407269246271,High
647,item5R2,0,0.0908537902733401,High
647,item6R1,0,-0.0646182993749121,High
647,item6R2,0,0.0671865325462105,High
647,item7R1,1,0.131371270670755,High
647,item7R2,0,-0.0256337721472326,High
647,item8R1,1,0.155816121026969,High
647,item8R2,0,-0.0408445026031083,High
647,item9R1,1,0.051768072360324,High
647,item9R2,0,-0.186781822700667,High
647,item10R1,1,0.26223024531969,Low
647,item10R2,0,0.0717120248203375,Low
647,item11R1,0,-0.208205028937179,Low
647,item11R2,1,0.0279725091284852,Low
647,item12R1,0,0.037491857741641,Low
647,item12R2,1,-0.0387052906875549,Low
647,item13R1,0,-0.050748967178464,Low
647,item13R2,0,-0.0122800456783322,Low
647,item14R1,0,0.100452636979628,Low
647,item14R2,0,0.0641296064487061,Low
647,item15R1,1,0.00781130051863192,Low
647,item15R2,1,-0.0987382688983154,Low
647,item16R1,0,-0.0848798304197745,Low
647,item16R2,1,0.0827278677178551,Low
647,item1R1,1,-0.0551388619260228,Low
647,item1R2,0,0.0566896395297701,Low
647,item2R1,0,-0.178934884690704,Low
647,item2R2,0,0.169104373302392,Low
647,item3R1,0,0.0655174608060872,Low
647,item3R2,0,-0.19022831770463,Low
647,item4R1,0,0.290471591828367,Low
647,item4R2,0,0.228881829442576,Low
647,item5R1,1,-0.20939592788017,Low
647,item5R2,0,-0.082098339689698,Low
647,item6R1,0,-0.0531512278114756,Low
647,item6R2,0,-0.051710423891359,Low
647,item7R1,0,0.01118835051509,Low
647,item7R2,0,0.030309897464527,Low
647,item8R1,1,0.0230874780599697,Low
647,item8R2,0,0.179891412960491,Low
647,item9R1,0,-0.0231819445779846,Low
647,item9R2,0,-0.0840040488577894,Low
648,item10R1,0,0.0216530156010575,High
648,item10R2,0,0.229022789168959,High
648,item11R1,1,-0.106940298702967,High
648,item11R2,0,-0.0933530077484991,High
648,item12R1,1,0.131763470474121,High
648,item12R2,1,-0.0413352178635827,High
648,item13R1,0,-0.16544196075415,High
648,item13R2,0,0.0611874641950818,High
648,item14R1,0,0.067310820780202,High
648,item14R2,0,-0.105054948221878,High
648,item15R1,1,-0.140580102276342,High
648,item15R2,1,0.0171533753803956,High
648,item16R1,1,-0.0010508432821084,High
648,item16R2,0,0.18416149146186,High
648,item1R1,0,-0.138433307690717,High
648,item1R2,0,0.0461010542167699,High
648,item2R1,0,0.196472584323587,High
648,item2R2,0,-0.127313771356898,High
648,item3R1,0,-0.131275624536329,High
648,item3R2,0,-0.086779573249034,High
648,item4R1,1,0.0247396506452582,High
648,item4R2,0,-0.00173405013045938,High
648,item5R1,0,-0.0802435319433412,High
648,item5R2,0,0.159031112191828,High
648,item6R1,0,0.0807529980076392,High
648,item6R2,0,0.0188501605704002,High
648,item7R1,0,0.0602356466639301,High
648,item7R2,1,-0.0186061474718183,High
648,item8R1,0,0.00980737831103011,High
648,item8R2,0,-0.0626864520642112,High
648,item9R1,0,0.0388259918348121,High
648,item9R2,1,-0.0309045415646717,High
648,item10R1,0,-0.00824078402757979,Low
648,item10R2,1,0.109323886506219,Low
648,item11R1,0,-0.128016905098122,Low
648,item11R2,0,-0.0340380218094828,Low
648,item12R1,0,0.114991242419314,Low
648,item12R2,0,0.02822264346691,Low
648,item13R1,1,0.102234582499878,Low
648,item13R2,1,0.0107996440972364,Low
648,item14R1,0,0.102760062594118,Low
648,item14R2,1,-0.176332857623691,Low
648,item15R1,0,0.157114404683049,Low
648,item15R2,0,0.0599867461087902,Low
648,item16R1,0,-0.100844944109754,Low
648,item16R2,1,-0.0376655495547994,Low
648,item1R1,1,0.161805358971131,Low
648,item1R2,1,-0.116480785081236,Low
648,item2R1,0,-0.0163840394513022,Low
648,item2R2,0,-0.120229806082275,Low
648,item3R1,0,0.0706886749752821,Low
648,item3R2,0,0.165588973212299,Low
648,item4R1,0,-0.101813615043578,Low
648,item4R2,0,0.234273267613626,Low
648,item5R1,0,0.0569173619431395,Low
648,item5R2,0,-0.264670783088423,Low
648,item6R1,1,-0.0857354837577392,Low
648,item6R2,1,-0.0726598182764633,Low
648,item7R1,1,-0.0152933347924844,Low
648,item7R2,0,-0.0176580307657134,Low
648,item8R1,0,-0.0382135538243774,Low
648,item8R2,0,-0.194653964639443,Low
648,item9R1,1,0.0368826951317263,Low
648,item9R2,1,-0.0415677656797876,Low
649,item10R1,1,-0.0478183545525488,High
649,item10R2,0,-0.0837873448318417,High
649,item11R1,0,-0.0337331298482526,High
649,item11R2,0,-0.016438943242831,High
649,item12R1,0,-0.0284413916789755,High
649,item12R2,0,-0.114908006196405,High
649,item13R1,1,0.0788888289468912,High
649,item13R2,1,-0.00503686768133684,High
649,item14R1,1,0.108061172824305,High
649,item14R2,1,-0.117091210046586,High
649,item15R1,0,0.022924427828233,High
649,item15R2,0,0.106671150525448,High
649,item16R1,1,0.0198395544825147,High
649,item16R2,0,-0.0280214345956447,High
649,item1R1,1,-0.0309274431172516,High
649,item1R2,1,-0.0255007405513515,High
649,item2R1,1,0.0794570156230705,High
649,item2R2,0,-0.117890705772623,High
649,item3R1,0,0.174604116661972,High
649,item3R2,1,0.00858550280899967,High
649,item4R1,1,0.289180039460532,High
649,item4R2,0,0.00328026954025412,High
649,item5R1,0,0.0811612764315045,High
649,item5R2,0,0.0948792621142027,High
649,item6R1,1,0.0366609190431831,High
649,item6R2,1,-0.155074217624558,High
649,item7R1,0,-0.015340474427389,High
649,item7R2,1,-0.0516534327657329,High
649,item8R1,1,0.0293650196786425,High
649,item8R2,0,-0.0502200704558498,High
649,item9R1,1,0.20934001113916,High
649,item9R2,1,0.0882171457806049,High
649,item10R1,0,0.113624757037068,Low
649,item10R2,0,0.0227211230449858,Low
649,item11R1,0,0.0211675015155528,Low
649,item11R2,0,-0.0522411048981516,Low
649,item12R1,0,0.0173697468564039,Low
649,item12R2,1,-0.0601666222186835,Low
649,item13R1,0,-0.261411593229255,Low
649,item13R2,0,-0.111628649986976,Low
649,item14R1,0,-0.0344112030240781,Low
649,item14R2,0,-0.0652547290510885,Low
649,item15R1,1,0.0510957118809846,Low
649,item15R2,0,-0.113950349695386,Low
649,item16R1,0,0.0831315563078152,Low
649,item16R2,0,-0.169845822854052,Low
649,item1R1,0,0.0938060130249336,Low
649,item1R2,0,-0.0750895297980492,Low
649,item2R1,0,0.0365354603070556,Low
649,item2R2,1,-0.0780514192646166,Low
649,item3R1,0,-0.0445586783308318,Low
649,item3R2,0,-0.117652965495143,Low
649,item4R1,0,0.231620980879519,Low
649,item4R2,0,-0.185235268120728,Low
649,item5R1,0,0.0147415946890574,Low
649,item5R2,0,0.147545939561127,Low
649,item6R1,0,0.159905516613222,Low
649,item6R2,0,-0.140567689369369,Low
649,item7R1,0,0.10037964397305,Low
649,item7R2,0,-0.089602459081628,Low
649,item8R1,0,-0.0655854060244261,Low
649,item8R2,0,0.0360346439644409,Low
649,item9R1,0,-0.0336221319367946,Low
649,item9R2,1,0.147415309730226,Low
650,item10R1,0,-0.0494789903705332,High
650,item10R2,0,-0.0149446734314647,High
650,item11R1,0,0.0110670402756138,High
650,item11R2,0,0.118259361284756,High
650,item12R1,0,0.0417826737199486,High
650,item12R2,1,-0.15640468751911,High
650,item13R1,0,-0.107342627754079,High
650,item13R2,0,-0.0397189545437693,High
650,item14R1,1,0.270223409298832,High
650,item14R2,0,0.0176206782033458,High
650,item15R1,0,0.0250617471150597,High
650,item15R2,0,0.0468260133382913,High
650,item16R1,1,-0.0565967156841769,High
650,item16R2,1,0.137677836644192,High
650,item1R1,0,-0.0267022227729133,High
650,item1R2,0,0.357833961597669,High
650,item2R1,0,-0.181245656970045,High
650,item2R2,0,0.0310717862324202,High
650,item3R1,0,-0.00949404502340779,High
650,item3R2,0,-0.0336973719626378,High
650,item4R1,0,0.0601727997949334,High
650,item4R2,0,0.126060213603391,High
650,item5R1,0,0.00971039031442627,High
650,item5R2,0,-0.0194112428228817,High
650,item6R1,1,-0.058676492739792,High
650,item6R2,1,-0.00896764076573618,High
650,item7R1,0,0.0151421702528046,High
650,item7R2,1,-0.0328219481611587,High
650,item8R1,0,-0.0428749313721662,High
650,item8R2,0,-0.137291293196557,High
650,item9R1,0,0.265336173208282,High
650,item9R2,0,0.0538937018687226,High
650,item10R1,1,-0.0593973905388218,Low
650,item10R2,0,-0.209206960373305,Low
650,item11R1,0,0.0921450202803089,Low
650,item11R2,1,0.0503154319743754,Low
650,item12R1,0,0.0127312319766494,Low
650,item12R2,0,-0.165118627181658,Low
650,item13R1,0,-0.0554963333918081,Low
650,item13R2,0,-0.270372685461015,Low
650,item14R1,0,0.183324358630155,Low
650,item14R2,0,0.110775610573941,Low
650,item15R1,0,0.101677758226993,Low
650,item15R2,0,-0.00530292184636052,Low
650,item16R1,0,-0.06803014978423,Low
650,item16R2,1,0.0182471261445033,Low
650,item1R1,1,0.103759972006462,Low
650,item1R2,0,0.206984791396677,Low
650,item2R1,1,0.013635745422665,Low
650,item2R2,1,-0.0909267353206302,Low
650,item3R1,0,0.22219399193957,Low
650,item3R2,0,-0.0442061955676878,Low
650,item4R1,0,0.202061117650269,Low
650,item4R2,0,0.133272774945269,Low
650,item5R1,1,-0.135628566131729,Low
650,item5R2,0,0.104745327140523,Low
650,item6R1,0,0.105655752610403,Low
650,item6R2,0,-0.0446446469032026,Low
650,item7R1,0,-0.0804553386033959,Low
650,item7R2,0,0.360995534517096,Low
650,item8R1,1,-0.072301249110866,Low
650,item8R2,0,0.0186507439467009,Low
650,item9R1,0,0.137633379514917,Low
650,item9R2,0,-0.0300281495392525,Low
651,item10R1,1,0.040381437210262,High
651,item10R2,0,-0.000886444814395019,High
651,item11R1,1,-0.00851590390172295,High
651,item11R2,1,0.0806025527701215,High
651,item12R1,1,-0.0551787935871238,High
651,item12R2,0,-0.0296394264753468,High
651,item13R1,1,0.0170058656636219,High
651,item13R2,1,0.0986623554953639,High
651,item14R1,0,0.0822262247942363,High
651,item14R2,0,0.192494715644008,High
651,item15R1,1,-0.0386995973086339,High
651,item15R2,1,0.00688133052000553,High
651,item16R1,1,-0.189739241178597,High
651,item16R2,1,0.0985891111716444,High
651,item1R1,1,0.191540002919694,High
651,item1R2,1,-0.163238297650034,High
651,item2R1,1,0.0911098972469302,High
651,item2R2,1,-0.109296573867641,High
651,item3R1,1,0.292710179936708,High
651,item3R2,1,-0.0550443293605286,High
651,item4R1,1,0.222733009305526,High
651,item4R2,1,0.0453782123018819,High
651,item5R1,1,-0.165805329998646,High
651,item5R2,1,-0.13363829946408,High
651,item6R1,1,-0.0829688042770045,High
651,item6R2,1,0.019347476449279,High
651,item7R1,1,-0.0120393894448851,High
651,item7R2,1,0.128380625517793,High
651,item8R1,1,0.172565376577332,High
651,item8R2,1,-0.156754299371151,High
651,item9R1,0,-0.00953829299688115,High
651,item9R2,1,-0.00570910190334586,High
651,item10R1,1,0.0154007044705492,Low
651,item10R2,1,-0.0427734471369831,Low
651,item11R1,0,0.0651794148963018,Low
651,item11R2,1,-0.0923695150144792,Low
651,item12R1,1,-0.0084763390165896,Low
651,item12R2,1,0.0160925173867679,Low
651,item13R1,0,-0.0273295176656519,Low
651,item13R2,1,0.134488426310455,Low
651,item14R1,1,-0.0299675307790424,Low
651,item14R2,1,-0.128828589470633,Low
651,item15R1,1,-0.130630668761904,Low
651,item15R2,1,-0.18022342448864,Low
651,item16R1,1,0.384528502495605,Low
651,item16R2,1,-0.0655145034522351,Low
651,item1R1,1,-0.0121721690670935,Low
651,item1R2,1,-0.168905247309143,Low
651,item2R1,1,0.0234294917948414,Low
651,item2R2,1,0.0615146949917465,Low
651,item3R1,1,-0.0175826155558404,Low
651,item3R2,1,0.0431691168338757,Low
651,item4R1,1,-0.0617305763276799,Low
651,item4R2,1,-0.0296987143999151,Low
651,item5R1,1,0.122373239932787,Low
651,item5R2,0,-0.157424367600034,Low
651,item6R1,0,0.0960333885332639,Low
651,item6R2,0,0.342249370894696,Low
651,item7R1,1,0.0346912563109538,Low
651,item7R2,1,-0.0233589147320232,Low
651,item8R1,1,0.0684108492231629,Low
651,item8R2,1,0.0463141481927486,Low
651,item9R1,0,0.0687452044117031,Low
651,item9R2,1,-0.0847300416133041,Low
653,item10R1,1,0.125212232275551,High
653,item10R2,0,0.170010092628865,High
653,item11R1,1,0.0447836938673516,High
653,item11R2,0,0.213567337729964,High
653,item12R1,0,0.0154729405055007,High
653,item12R2,0,0.0142582221003284,High
653,item13R1,1,0.010258795345696,High
653,item13R2,0,0.00731975712972296,High
653,item14R1,0,0.0879294869985279,High
653,item14R2,1,0.0491166564912868,High
653,item15R1,1,-0.184745079454773,High
653,item15R2,1,0.22926093892702,High
653,item16R1,0,-0.169801986056241,High
653,item16R2,0,0.139657487857764,High
653,item1R1,0,0.138875099165899,High
653,item1R2,0,-0.0100317430945816,High
653,item2R1,1,-0.0313425707151507,High
653,item2R2,1,0.0534992165720408,High
653,item3R1,0,0.141576222708922,High
653,item3R2,1,0.0577539506674744,High
653,item4R1,1,0.0484362446037465,High
653,item4R2,0,0.117181080712627,High
653,item5R1,0,-0.0262939158852513,High
653,item5R2,1,-0.0144934136127864,High
653,item6R1,0,0.119174652381585,High
653,item6R2,1,0.0235887126083157,High
653,item7R1,1,-0.0831781682234043,High
653,item7R2,0,-0.0325781511192077,High
653,item8R1,1,-0.137542925081118,High
653,item8R2,1,-0.057220966234666,High
653,item9R1,1,-0.163938164409172,High
653,item9R2,0,-0.00174754382244025,High
653,item10R1,0,0.0639875796997851,Low
653,item10R2,0,0.105083204430172,Low
653,item11R1,0,0.118807154541166,Low
653,item11R2,0,0.0559399589937318,Low
653,item12R1,0,-0.00107563999746091,Low
653,item12R2,0,0.0547241173305419,Low
653,item13R1,0,-0.0307252139154895,Low
653,item13R2,1,0.139770301750597,Low
653,item14R1,1,-0.14187241893405,Low
653,item14R2,0,0.0419746240175037,Low
653,item15R1,1,-0.042668124559615,Low
653,item15R2,0,0.125810096943281,Low
653,item16R1,0,-0.0249635489866047,Low
653,item16R2,0,-0.0331611587556057,Low
653,item1R1,0,-0.131013338078353,Low
653,item1R2,0,0.300479861959358,Low
653,item2R1,0,-0.070312324739329,Low
653,item2R2,1,0.0231693422782244,Low
653,item3R1,0,0.213371420543346,Low
653,item3R2,0,0.169812028088874,Low
653,item4R1,0,0.123177387582196,Low
653,item4R2,0,0.088898083411169,Low
653,item5R1,0,-0.138121414747883,Low
653,item5R2,1,0.162237956845317,Low
653,item6R1,0,-0.0521405696146446,Low
653,item6R2,0,0.122571965417394,Low
653,item7R1,0,-0.301321345851199,Low
653,item7R2,0,0.166862693222472,Low
653,item8R1,0,0.228416562786141,Low
653,item8R2,0,-0.0115476948338429,Low
653,item9R1,1,-0.0314678997431662,Low
653,item9R2,1,-0.144315780908826,Low
654,item10R1,0,-0.194982734513753,High
654,item10R2,1,0.00298704373681365,High
654,item11R1,1,-0.0728693477286794,High
654,item11R2,0,-0.176487845111902,High
654,item12R1,0,0.134231166836755,High
654,item12R2,0,0.159373519103941,High
654,item13R1,1,0.145205898088914,High
654,item13R2,1,-0.165699834424872,High
654,item14R1,1,-0.0184653281152832,High
654,item14R2,1,-0.106219583366266,High
654,item15R1,0,0.00896484488024922,High
654,item15R2,0,0.00609555700588491,High
654,item16R1,0,0.0178076658054545,High
654,item16R2,0,0.0411706857449786,High
654,item1R1,1,-0.146635216873872,High
654,item1R2,0,0.16501723081633,High
654,item2R1,0,0.126656202898106,High
654,item2R2,0,-0.0724518181760456,High
654,item3R1,0,-0.147718589594254,High
654,item3R2,1,-0.232508978032045,High
654,item4R1,0,0.0918292430816983,High
654,item4R2,1,-0.0985651539821633,High
654,item5R1,0,-0.104323157206981,High
654,item5R2,0,-0.047408253824091,High
654,item6R1,1,-0.0709821947965611,High
654,item6R2,0,-0.156889465317458,High
654,item7R1,1,-0.0630841469277022,High
654,item7R2,1,0.185056150277136,High
654,item8R1,0,-0.243850387264956,High
654,item8R2,1,0.0816438991842474,High
654,item9R1,0,-0.0493140580316675,High
654,item9R2,0,-0.216907877744059,High
654,item10R1,0,-0.0627558110433385,Low
654,item10R2,0,0.0178630184768924,Low
654,item11R1,1,-0.00546907860340635,Low
654,item11R2,0,0.0102225893834739,Low
654,item12R1,0,0.115569136711189,Low
654,item12R2,1,0.00543611763917335,Low
654,item13R1,1,0.189962310629697,Low
654,item13R2,0,0.161012507956596,Low
654,item14R1,0,0.0222633535662768,Low
654,item14R2,0,-0.0250691816084201,Low
654,item15R1,1,0.128385263864858,Low
654,item15R2,1,0.127586833251296,Low
654,item16R1,0,-0.00607464379309731,Low
654,item16R2,0,0.0517671281894454,Low
654,item1R1,0,-0.138620097013792,Low
654,item1R2,1,-0.0176662408795909,Low
654,item2R1,1,0.0884861762083951,Low
654,item2R2,1,-0.0381043784071397,Low
654,item3R1,0,-0.169253897164277,Low
654,item3R2,1,-0.00675936375471331,Low
654,item4R1,1,0.128002105029009,Low
654,item4R2,0,-0.0993740518972727,Low
654,item5R1,0,-0.103020800980944,Low
654,item5R2,0,0.035043918834327,Low
654,item6R1,0,-0.24488145907562,Low
654,item6R2,0,-0.0176459080548468,Low
654,item7R1,0,0.0444656891946939,Low
654,item7R2,1,-0.137430869876149,Low
654,item8R1,0,0.0161793151131442,Low
654,item8R2,0,0.023975280080785,Low
654,item9R1,1,-0.274149084877426,Low
654,item9R2,1,0.095372240077019,Low
655,item10R1,1,0.0530892007744627,High
655,item11R1,1,0.188609792639989,High
655,item12R1,1,0.266621678996471,High
655,item13R1,1,-0.0606140770281253,High
655,item14R1,0,0.145499862234022,High
655,item15R1,1,0.279953078478081,High
655,item16R1,0,-0.0187043457192651,High
655,item1R1,0,0.0434785836022328,High
655,item2R1,0,-0.154283787948215,High
655,item3R1,1,-0.109529100213428,High
655,item4R1,1,-0.0491768226677004,High
655,item5R1,1,0.0265309962577064,High
655,item6R1,1,0.0743667117010857,High
655,item7R1,1,-0.0270931501378864,High
655,item8R1,1,-0.037705257087805,High
655,item9R1,0,0.0193588711367529,High
655,item10R1,1,-0.00291962283538378,Low
655,item11R1,1,0.2061841239951,Low
655,item12R1,1,0.172167817290603,Low
655,item13R1,1,0.0455900345045761,Low
655,item14R1,1,0.14212100864342,Low
655,item15R1,1,0.126960699635516,Low
655,item16R1,1,0.0871667182189212,Low
655,item1R1,0,-0.026303202745664,Low
655,item2R1,1,0.0678647246238172,Low
655,item3R1,1,0.0538737879095605,Low
655,item4R1,0,0.0357122103391437,Low
655,item5R1,1,0.130240788652031,Low
655,item6R1,0,0.100786633915823,Low
655,item7R1,1,0.224940832513885,Low
655,item8R1,1,0.0511189538112502,Low
655,item9R1,1,-0.0187977460641533,Low
656,item10R1,1,-0.0601445510878726,High
656,item10R2,1,0.206105439264849,High
656,item11R1,1,-0.176124731548069,High
656,item11R2,1,0.0123359066059368,High
656,item12R1,1,-0.322113987652582,High
656,item12R2,0,-0.126585987428179,High
656,item13R1,1,0.0770943461819452,High
656,item13R2,0,0.0686976944447191,High
656,item14R1,0,0.114258928282728,High
656,item14R2,1,-0.122715654192483,High
656,item15R1,0,0.0953300978707713,High
656,item15R2,1,-0.0258226688218329,High
656,item16R1,0,-0.126448421157638,High
656,item16R2,1,0.112946011573124,High
656,item1R1,1,-0.0191019747780072,High
656,item1R2,0,-0.032258976790865,High
656,item2R1,1,-0.1736204499247,High
656,item2R2,1,-0.204911087448409,High
656,item3R1,1,-0.194367359012091,High
656,item3R2,1,0.072591024980265,High
656,item4R1,0,0.220150196447796,High
656,item4R2,1,0.0227536026189827,High
656,item5R1,0,0.00606240284682702,High
656,item5R2,1,-0.0381278744964261,High
656,item6R1,0,-0.0179740229749034,High
656,item6R2,0,0.113327885443571,High
656,item7R1,0,0.0909166950765156,High
656,item7R2,1,-0.0811597506878177,High
656,item8R1,0,0.0119300868804851,High
656,item8R2,1,-0.0868078010360733,High
656,item9R1,1,-0.173353648400812,High
656,item9R2,1,-0.0167796699556705,High
656,item10R1,1,-0.142615667260233,Low
656,item10R2,1,0.127799860616418,Low
656,item11R1,0,0.0697646677640975,Low
656,item11R2,1,-0.181470832133462,Low
656,item12R1,1,0.167531311026617,Low
656,item12R2,1,0.181037539972854,Low
656,item13R1,0,-0.080063717684075,Low
656,item13R2,1,-0.0374157650877564,Low
656,item14R1,0,0.0926336161947313,Low
656,item14R2,0,-0.0519177328115876,Low
656,item15R1,0,0.245775069876787,Low
656,item15R2,1,-0.0313327967645503,Low
656,item16R1,1,-0.0422707380395844,Low
656,item16R2,1,-0.0208887445582768,Low
656,item1R1,1,0.0344187372386585,Low
656,item1R2,1,0.0666975118567672,Low
656,item2R1,1,-0.0225013515043363,Low
656,item2R2,0,0.0854991930505137,Low
656,item3R1,1,0.306461300583538,Low
656,item3R2,1,-0.0203939267468568,Low
656,item4R1,0,0.154760305248484,Low
656,item4R2,0,0.036777061665784,Low
656,item5R1,0,0.080869617484536,Low
656,item5R2,1,0.0967793336466835,Low
656,item6R1,0,0.172213040289071,Low
656,item6R2,0,0.0360019873532563,Low
656,item7R1,1,0.0684773322711553,Low
656,item7R2,1,-0.0673294561965292,Low
656,item8R1,0,0.0593953604149811,Low
656,item8R2,0,0.223340601197797,Low
656,item9R1,1,0.0538173007722105,Low
656,item9R2,0,-0.0182345915285222,Low
